Variable Name,Solution Value
"prod_mine[2020,mine,brine]",0
"prod_mine[2020,mine,spod]",13.84788456
"prod_mine[2020,mine,clay]",68.65211544
"prod_mine[2021,mine,brine]",0
"prod_mine[2021,mine,spod]",30.65767543
"prod_mine[2021,mine,clay]",76.34232457
"prod_mine[2022,mine,brine]",0
"prod_mine[2022,mine,spod]",48.12441346
"prod_mine[2022,mine,clay]",97.87558654
"prod_mine[2023,mine,brine]",0
"prod_mine[2023,mine,spod]",60.45202552
"prod_mine[2023,mine,clay]",119.5479745
"prod_mine[2024,mine,brine]",0
"prod_mine[2024,mine,spod]",74.11997372
"prod_mine[2024,mine,clay]",123.8800263
"prod_mine[2025,mine,brine]",0
"prod_mine[2025,mine,spod]",85.00374505
"prod_mine[2025,mine,clay]",132.796255
"prod_mine[2026,mine,brine]",0
"prod_mine[2026,mine,spod]",93.95678604
"prod_mine[2026,mine,clay]",145.623214
"prod_mine[2027,mine,brine]",0
"prod_mine[2027,mine,spod]",103.7308508
"prod_mine[2027,mine,clay]",159.8071492
"prod_mine[2028,mine,brine]",0
"prod_mine[2028,mine,spod]",114.3788303
"prod_mine[2028,mine,clay]",175.5129697
"prod_mine[2029,mine,brine]",0
"prod_mine[2029,mine,spod]",125.9531473
"prod_mine[2029,mine,clay]",192.9278327
"prod_mine[2030,mine,brine]",0
"prod_mine[2030,mine,spod]",134.4895791
"prod_mine[2030,mine,clay]",125.0693183
"prod_mine[2031,mine,brine]",0
"prod_mine[2031,mine,spod]",146.2267495
"prod_mine[2031,mine,clay]",133.8712449
"prod_mine[2032,mine,brine]",0
"prod_mine[2032,mine,spod]",158.7424563
"prod_mine[2032,mine,clay]",143.2167968
"prod_mine[2033,mine,brine]",0
"prod_mine[2033,mine,spod]",172.0503156
"prod_mine[2033,mine,clay]",153.1158969
"prod_mine[2034,mine,brine]",0
"prod_mine[2034,mine,spod]",186.1584382
"prod_mine[2034,mine,clay]",163.5748887
"prod_mine[2035,mine,brine]",0
"prod_mine[2035,mine,spod]",201.0687894
"prod_mine[2035,mine,clay]",174.5961176
"prod_mine[2036,mine,brine]",0
"prod_mine[2036,mine,spod]",216.7766214
"prod_mine[2036,mine,clay]",186.1775596
"prod_mine[2037,mine,brine]",0
"prod_mine[2037,mine,spod]",233.270006
"prod_mine[2037,mine,clay]",198.3125156
"prod_mine[2038,mine,brine]",0
"prod_mine[2038,mine,spod]",250.5294957
"prod_mine[2038,mine,clay]",210.9893904
"prod_mine[2039,mine,brine]",0
"prod_mine[2039,mine,spod]",268.5279392
"prod_mine[2039,mine,clay]",224.1915728
"prod_mine[2040,mine,brine]",0
"prod_mine[2040,mine,spod]",281.8769251
"prod_mine[2040,mine,clay]",234.3875757
"prod_mine[2041,mine,brine]",0
"prod_mine[2041,mine,spod]",300.8802394
"prod_mine[2041,mine,clay]",248.3339563
"prod_mine[2042,mine,brine]",0
"prod_mine[2042,mine,spod]",320.4843139
"prod_mine[2042,mine,clay]",262.7188301
"prod_mine[2043,mine,brine]",0
"prod_mine[2043,mine,spod]",340.6341129
"prod_mine[2043,mine,clay]",277.5074539
"prod_mine[2044,mine,brine]",0
"prod_mine[2044,mine,spod]",361.2689404
"prod_mine[2044,mine,clay]",292.661413
"prod_mine[2045,mine,brine]",0
"prod_mine[2045,mine,spod]",382.3233775
"prod_mine[2045,mine,clay]",308.1392385
"prod_mine[2046,mine,brine]",0
"prod_mine[2046,mine,spod]",403.728363
"prod_mine[2046,mine,clay]",323.8971163
"prod_mine[2047,mine,brine]",0
"prod_mine[2047,mine,spod]",425.412381
"prod_mine[2047,mine,clay]",339.8896657
"prod_mine[2048,mine,brine]",0
"prod_mine[2048,mine,spod]",447.3027099
"prod_mine[2048,mine,clay]",356.0707624
"prod_mine[2049,mine,brine]",0
"prod_mine[2049,mine,spod]",469.3266936
"prod_mine[2049,mine,clay]",372.3943701
"prod_mine[2050,mine,brine]",0
"prod_mine[2050,mine,spod]",491.4129823
"prod_mine[2050,mine,clay]",388.815358
"prod_mine[2051,mine,brine]",0
"prod_mine[2051,mine,spod]",513.4927056
"prod_mine[2051,mine,clay]",405.2902695
"prod_mine[2052,mine,brine]",0
"prod_mine[2052,mine,spod]",535.5005346
"prod_mine[2052,mine,clay]",421.7780207
"prod_mine[2053,mine,brine]",0
"prod_mine[2053,mine,spod]",557.3756031
"prod_mine[2053,mine,clay]",438.2405068
"prod_mine[2054,mine,brine]",0
"prod_mine[2054,mine,spod]",579.0622667
"prod_mine[2054,mine,clay]",454.6430993
"prod_mine[2055,mine,brine]",0
"prod_mine[2055,mine,spod]",600.5106821
"prod_mine[2055,mine,clay]",470.9550289
"prod_mine[2056,mine,brine]",0
"prod_mine[2056,mine,spod]",621.6772049
"prod_mine[2056,mine,clay]",487.1496491
"prod_mine[2057,mine,brine]",0
"prod_mine[2057,mine,spod]",642.524609
"prod_mine[2057,mine,clay]",503.204578
"prod_mine[2058,mine,brine]",0
"prod_mine[2058,mine,spod]",663.0221379
"prod_mine[2058,mine,clay]",519.1017371
"prod_mine[2059,mine,brine]",0
"prod_mine[2059,mine,spod]",683.1454041
"prod_mine[2059,mine,clay]",534.8272859
"prod_mine[2060,mine,brine]",0
"prod_mine[2060,mine,spod]",713.6200828
"prod_mine[2060,mine,clay]",557.4153282
"prod_mine[2061,mine,brine]",0
"prod_mine[2061,mine,spod]",729.8656304
"prod_mine[2061,mine,clay]",570.7528226
"prod_mine[2062,mine,brine]",0
"prod_mine[2062,mine,spod]",745.8307562
"prod_mine[2062,mine,clay]",583.9870708
"prod_mine[2063,mine,brine]",0
"prod_mine[2063,mine,spod]",761.5131785
"prod_mine[2063,mine,clay]",597.1189935
"prod_mine[2064,mine,brine]",0
"prod_mine[2064,mine,spod]",776.9139617
"prod_mine[2064,mine,clay]",610.1517793
"prod_mine[2065,mine,brine]",0
"prod_mine[2065,mine,spod]",792.0371213
"prod_mine[2065,mine,clay]",623.0906267
"prod_mine[2066,mine,brine]",0
"prod_mine[2066,mine,spod]",806.8892258
"prod_mine[2066,mine,clay]",635.9424842
"prod_mine[2067,mine,brine]",0
"prod_mine[2067,mine,spod]",821.4790096
"prod_mine[2067,mine,clay]",648.7157994
"prod_mine[2068,mine,brine]",0
"prod_mine[2068,mine,spod]",835.8170014
"prod_mine[2068,mine,clay]",661.4202786
"prod_mine[2069,mine,brine]",0
"prod_mine[2069,mine,spod]",849.9151773
"prod_mine[2069,mine,clay]",674.0666607
"prod_mine[2070,mine,brine]",0
"prod_mine[2070,mine,spod]",863.7866416
"prod_mine[2070,mine,clay]",686.6665114
"prod_mine[2071,mine,brine]",0
"prod_mine[2071,mine,spod]",877.4453383
"prod_mine[2071,mine,clay]",699.2320347
"prod_mine[2072,mine,brine]",0
"prod_mine[2072,mine,spod]",890.9057942
"prod_mine[2072,mine,clay]",711.7759098
"prod_mine[2073,mine,brine]",0
"prod_mine[2073,mine,spod]",904.182894
"prod_mine[2073,mine,clay]",724.311145
"prod_mine[2074,mine,brine]",0
"prod_mine[2074,mine,spod]",917.2916848
"prod_mine[2074,mine,clay]",736.8509532
"prod_mine[2075,mine,brine]",0
"prod_mine[2075,mine,spod]",930.2472123
"prod_mine[2075,mine,clay]",749.4086447
"prod_mine[2076,mine,brine]",0
"prod_mine[2076,mine,spod]",943.0643814
"prod_mine[2076,mine,clay]",761.9975436
"prod_mine[2077,mine,brine]",0
"prod_mine[2077,mine,spod]",955.7578439
"prod_mine[2077,mine,clay]",774.6309121
"prod_mine[2078,mine,brine]",0
"prod_mine[2078,mine,spod]",968.3419057
"prod_mine[2078,mine,clay]",787.3218973
"prod_mine[2079,mine,brine]",0
"prod_mine[2079,mine,spod]",980.8304572
"prod_mine[2079,mine,clay]",800.0834868
"prod_mine[2080,mine,brine]",0
"prod_mine[2080,mine,spod]",993.2369185
"prod_mine[2080,mine,clay]",812.9284745
"prod_mine[2081,mine,brine]",0
"prod_mine[2081,mine,spod]",1005.5742
"prod_mine[2081,mine,clay]",825.8694417
"prod_mine[2082,mine,brine]",0
"prod_mine[2082,mine,spod]",1017.854679
"prod_mine[2082,mine,clay]",838.9187432
"prod_mine[2083,mine,brine]",0
"prod_mine[2083,mine,spod]",1030.090179
"prod_mine[2083,mine,clay]",852.0884972
"prod_mine[2084,mine,brine]",0
"prod_mine[2084,mine,spod]",1042.29197
"prod_mine[2084,mine,clay]",865.3905914
"prod_mine[2085,mine,brine]",0
"prod_mine[2085,mine,spod]",1054.470764
"prod_mine[2085,mine,clay]",878.8366821
"prod_mine[2086,mine,brine]",0
"prod_mine[2086,mine,spod]",1066.636728
"prod_mine[2086,mine,clay]",892.4382055
"prod_mine[2087,mine,brine]",0
"prod_mine[2087,mine,spod]",1078.799489
"prod_mine[2087,mine,clay]",906.2063926
"prod_mine[2088,mine,brine]",0
"prod_mine[2088,mine,spod]",1090.968159
"prod_mine[2088,mine,clay]",920.1522745
"prod_mine[2089,mine,brine]",0
"prod_mine[2089,mine,spod]",1103.151345
"prod_mine[2089,mine,clay]",934.286713
"prod_mine[2090,mine,brine]",0
"prod_mine[2090,mine,spod]",1115.357173
"prod_mine[2090,mine,clay]",948.6204049
"prod_mine[2091,mine,brine]",0
"prod_mine[2091,mine,spod]",1127.593312
"prod_mine[2091,mine,clay]",963.1639116
"prod_mine[2092,mine,brine]",0
"prod_mine[2092,mine,spod]",1139.866995
"prod_mine[2092,mine,clay]",977.9276728
"prod_mine[2093,mine,brine]",0
"prod_mine[2093,mine,spod]",1152.185042
"prod_mine[2093,mine,clay]",992.9220282
"prod_mine[2094,mine,brine]",0
"prod_mine[2094,mine,spod]",1164.553883
"prod_mine[2094,mine,clay]",1008.15724
"prod_mine[2095,mine,brine]",0
"prod_mine[2095,mine,spod]",1176.979585
"prod_mine[2095,mine,clay]",1023.643511
"prod_mine[2096,mine,brine]",0
"prod_mine[2096,mine,spod]",1189.46787
"prod_mine[2096,mine,clay]",1039.391007
"prod_mine[2097,mine,brine]",0
"prod_mine[2097,mine,spod]",1202.02414
"prod_mine[2097,mine,clay]",1055.409875
"prod_mine[2098,mine,brine]",0
"prod_mine[2098,mine,spod]",1214.653495
"prod_mine[2098,mine,clay]",1071.710264
"prod_mine[2099,mine,brine]",0
"prod_mine[2099,mine,spod]",1227.360759
"prod_mine[2099,mine,clay]",1088.302343
"prod_mine[2100,mine,brine]",0
"prod_mine[2100,mine,spod]",1240.150496
"prod_mine[2100,mine,clay]",1105.196324
"prod_proc[2020,proc,brine,loh]",0
"prod_proc[2020,proc,brine,lce]",0
"prod_proc[2020,proc,spod,loh]",47.78918811
"prod_proc[2020,proc,spod,lce]",0
"prod_proc[2020,proc,clay,loh]",0
"prod_proc[2020,proc,clay,lce]",45.33939429
"prod_proc[2021,proc,brine,loh]",0
"prod_proc[2021,proc,brine,lce]",0
"prod_proc[2021,proc,spod,loh]",105.7999445
"prod_proc[2021,proc,spod,lce]",0
"prod_proc[2021,proc,clay,loh]",0
"prod_proc[2021,proc,clay,lce]",73.49354568
"prod_proc[2022,proc,brine,loh]",0
"prod_proc[2022,proc,brine,lce]",0
"prod_proc[2022,proc,spod,loh]",166.0778321
"prod_proc[2022,proc,spod,lce]",0
"prod_proc[2022,proc,clay,loh]",0
"prod_proc[2022,proc,clay,lce]",111.3772252
"prod_proc[2023,proc,brine,loh]",0
"prod_proc[2023,proc,brine,lce]",0
"prod_proc[2023,proc,spod,loh]",208.6205446
"prod_proc[2023,proc,spod,lce]",0
"prod_proc[2023,proc,clay,loh]",0
"prod_proc[2023,proc,clay,lce]",145.1675567
"prod_proc[2024,proc,brine,loh]",0
"prod_proc[2024,proc,brine,lce]",0
"prod_proc[2024,proc,spod,loh]",255.7887705
"prod_proc[2024,proc,spod,lce]",0
"prod_proc[2024,proc,clay,loh]",0
"prod_proc[2024,proc,clay,lce]",167.7407651
"prod_proc[2025,proc,brine,loh]",0
"prod_proc[2025,proc,brine,lce]",0
"prod_proc[2025,proc,spod,loh]",293.3487742
"prod_proc[2025,proc,spod,lce]",0
"prod_proc[2025,proc,clay,loh]",0
"prod_proc[2025,proc,clay,lce]",188.3539945
"prod_proc[2026,proc,brine,loh]",0
"prod_proc[2026,proc,brine,lce]",0
"prod_proc[2026,proc,spod,loh]",324.2458082
"prod_proc[2026,proc,spod,lce]",0
"prod_proc[2026,proc,clay,loh]",0
"prod_proc[2026,proc,clay,lce]",207.9710174
"prod_proc[2027,proc,brine,loh]",0
"prod_proc[2027,proc,brine,lce]",0
"prod_proc[2027,proc,spod,loh]",357.9762035
"prod_proc[2027,proc,spod,lce]",0
"prod_proc[2027,proc,clay,loh]",0
"prod_proc[2027,proc,clay,lce]",229.5056889
"prod_proc[2028,proc,brine,loh]",0
"prod_proc[2028,proc,brine,lce]",0
"prod_proc[2028,proc,spod,loh]",394.7224873
"prod_proc[2028,proc,spod,lce]",0
"prod_proc[2028,proc,clay,loh]",0
"prod_proc[2028,proc,clay,lce]",253.1230987
"prod_proc[2029,proc,brine,loh]",0
"prod_proc[2029,proc,brine,lce]",0
"prod_proc[2029,proc,spod,loh]",434.665571
"prod_proc[2029,proc,spod,lce]",0
"prod_proc[2029,proc,clay,loh]",0
"prod_proc[2029,proc,clay,lce]",278.9992784
"prod_proc[2030,proc,brine,loh]",0
"prod_proc[2030,proc,brine,lce]",0
"prod_proc[2030,proc,spod,loh]",464.1248825
"prod_proc[2030,proc,spod,lce]",0
"prod_proc[2030,proc,clay,loh]",0
"prod_proc[2030,proc,clay,lce]",256.0265441
"prod_proc[2031,proc,brine,loh]",0
"prod_proc[2031,proc,brine,lce]",0
"prod_proc[2031,proc,spod,loh]",504.6299747
"prod_proc[2031,proc,spod,lce]",0
"prod_proc[2031,proc,clay,loh]",0
"prod_proc[2031,proc,clay,lce]",278.3704846
"prod_proc[2032,proc,brine,loh]",0
"prod_proc[2032,proc,brine,lce]",0
"prod_proc[2032,proc,spod,loh]",547.8218042
"prod_proc[2032,proc,spod,lce]",0
"prod_proc[2032,proc,clay,loh]",0
"prod_proc[2032,proc,clay,lce]",302.1965178
"prod_proc[2033,proc,brine,loh]",0
"prod_proc[2033,proc,brine,lce]",0
"prod_proc[2033,proc,spod,loh]",593.7473597
"prod_proc[2033,proc,spod,lce]",0
"prod_proc[2033,proc,clay,loh]",0
"prod_proc[2033,proc,clay,lce]",327.5305641
"prod_proc[2034,proc,brine,loh]",0
"prod_proc[2034,proc,brine,lce]",0
"prod_proc[2034,proc,spod,loh]",642.4346318
"prod_proc[2034,proc,spod,lce]",0
"prod_proc[2034,proc,clay,loh]",0
"prod_proc[2034,proc,clay,lce]",354.3880641
"prod_proc[2035,proc,brine,loh]",0
"prod_proc[2035,proc,brine,lce]",0
"prod_proc[2035,proc,spod,loh]",693.8904029
"prod_proc[2035,proc,spod,lce]",0
"prod_proc[2035,proc,clay,loh]",0
"prod_proc[2035,proc,clay,lce]",382.7727591
"prod_proc[2036,proc,brine,loh]",0
"prod_proc[2036,proc,brine,lce]",0
"prod_proc[2036,proc,spod,loh]",748.0982881
"prod_proc[2036,proc,spod,lce]",0
"prod_proc[2036,proc,clay,loh]",0
"prod_proc[2036,proc,clay,lce]",412.6756108
"prod_proc[2037,proc,brine,loh]",0
"prod_proc[2037,proc,brine,lce]",0
"prod_proc[2037,proc,spod,loh]",805.0171233
"prod_proc[2037,proc,spod,lce]",0
"prod_proc[2037,proc,clay,loh]",0
"prod_proc[2037,proc,clay,lce]",444.0739115
"prod_proc[2038,proc,brine,loh]",0
"prod_proc[2038,proc,brine,lce]",0
"prod_proc[2038,proc,spod,loh]",864.5797949
"prod_proc[2038,proc,spod,lce]",0
"prod_proc[2038,proc,clay,loh]",0
"prod_proc[2038,proc,clay,lce]",476.9306394
"prod_proc[2039,proc,brine,loh]",0
"prod_proc[2039,proc,brine,lce]",0
"prod_proc[2039,proc,spod,loh]",926.6926036
"prod_proc[2039,proc,spod,lce]",0
"prod_proc[2039,proc,clay,loh]",0
"prod_proc[2039,proc,clay,lce]",511.1941068
"prod_proc[2040,proc,brine,loh]",0
"prod_proc[2040,proc,brine,lce]",0
"prod_proc[2040,proc,spod,loh]",972.7600872
"prod_proc[2040,proc,spod,lce]",0
"prod_proc[2040,proc,clay,loh]",0
"prod_proc[2040,proc,clay,lce]",536.6064453
"prod_proc[2041,proc,brine,loh]",0
"prod_proc[2041,proc,brine,lce]",0
"prod_proc[2041,proc,spod,loh]",1038.340715
"prod_proc[2041,proc,spod,lce]",0
"prod_proc[2041,proc,clay,loh]",0
"prod_proc[2041,proc,clay,lce]",572.7828754
"prod_proc[2042,proc,brine,loh]",0
"prod_proc[2042,proc,brine,lce]",0
"prod_proc[2042,proc,spod,loh]",1105.994572
"prod_proc[2042,proc,spod,lce]",0
"prod_proc[2042,proc,clay,loh]",0
"prod_proc[2042,proc,clay,lce]",610.1029672
"prod_proc[2043,proc,brine,loh]",0
"prod_proc[2043,proc,brine,lce]",0
"prod_proc[2043,proc,spod,loh]",1175.53173
"prod_proc[2043,proc,spod,lce]",0
"prod_proc[2043,proc,clay,loh]",0
"prod_proc[2043,proc,clay,lce]",648.46195
"prod_proc[2044,proc,brine,loh]",0
"prod_proc[2044,proc,brine,lce]",0
"prod_proc[2044,proc,spod,loh]",1246.742726
"prod_proc[2044,proc,spod,lce]",0
"prod_proc[2044,proc,clay,loh]",0
"prod_proc[2044,proc,clay,lce]",687.7442766
"prod_proc[2045,proc,brine,loh]",0
"prod_proc[2045,proc,brine,lce]",0
"prod_proc[2045,proc,spod,loh]",1319.401799
"prod_proc[2045,proc,spod,lce]",0
"prod_proc[2045,proc,clay,loh]",0
"prod_proc[2045,proc,clay,lce]",727.8254099
"prod_proc[2046,proc,brine,loh]",0
"prod_proc[2046,proc,brine,lce]",0
"prod_proc[2046,proc,spod,loh]",1393.270618
"prod_proc[2046,proc,spod,lce]",0
"prod_proc[2046,proc,clay,loh]",0
"prod_proc[2046,proc,clay,lce]",768.5738793
"prod_proc[2047,proc,brine,loh]",0
"prod_proc[2047,proc,brine,lce]",0
"prod_proc[2047,proc,spod,loh]",1468.102381
"prod_proc[2047,proc,spod,lce]",0
"prod_proc[2047,proc,clay,loh]",0
"prod_proc[2047,proc,clay,lce]",809.8535397
"prod_proc[2048,proc,brine,loh]",0
"prod_proc[2048,proc,brine,lce]",0
"prod_proc[2048,proc,spod,loh]",1543.646125
"prod_proc[2048,proc,spod,lce]",0
"prod_proc[2048,proc,clay,loh]",0
"prod_proc[2048,proc,clay,lce]",851.5259527
"prod_proc[2049,proc,brine,loh]",0
"prod_proc[2049,proc,brine,lce]",0
"prod_proc[2049,proc,spod,loh]",1619.651113
"prod_proc[2049,proc,spod,lce]",0
"prod_proc[2049,proc,clay,loh]",0
"prod_proc[2049,proc,clay,lce]",893.4528026
"prod_proc[2050,proc,brine,loh]",0
"prod_proc[2050,proc,brine,lce]",0
"prod_proc[2050,proc,spod,loh]",1695.871116
"prod_proc[2050,proc,spod,lce]",0
"prod_proc[2050,proc,clay,loh]",0
"prod_proc[2050,proc,clay,lce]",935.4982623
"prod_proc[2051,proc,brine,loh]",0
"prod_proc[2051,proc,brine,lce]",0
"prod_proc[2051,proc,spod,loh]",1772.068462
"prod_proc[2051,proc,spod,lce]",0
"prod_proc[2051,proc,clay,loh]",0
"prod_proc[2051,proc,clay,lce]",977.5312236
"prod_proc[2052,proc,brine,loh]",0
"prod_proc[2052,proc,brine,lce]",0
"prod_proc[2052,proc,spod,loh]",1848.0177
"prod_proc[2052,proc,spod,lce]",0
"prod_proc[2052,proc,clay,loh]",0
"prod_proc[2052,proc,clay,lce]",1019.42732
"prod_proc[2053,proc,brine,loh]",0
"prod_proc[2053,proc,brine,lce]",0
"prod_proc[2053,proc,spod,loh]",1923.50878
"prod_proc[2053,proc,spod,lce]",0
"prod_proc[2053,proc,clay,loh]",0
"prod_proc[2053,proc,clay,lce]",1061.070682
"prod_proc[2054,proc,brine,loh]",0
"prod_proc[2054,proc,brine,lce]",0
"prod_proc[2054,proc,spod,loh]",1998.349673
"prod_proc[2054,proc,spod,lce]",0
"prod_proc[2054,proc,clay,loh]",0
"prod_proc[2054,proc,clay,lce]",1102.355379
"prod_proc[2055,proc,brine,loh]",0
"prod_proc[2055,proc,brine,lce]",0
"prod_proc[2055,proc,spod,loh]",2072.368369
"prod_proc[2055,proc,spod,lce]",0
"prod_proc[2055,proc,clay,loh]",0
"prod_proc[2055,proc,clay,lce]",1143.186525
"prod_proc[2056,proc,brine,loh]",0
"prod_proc[2056,proc,brine,lce]",0
"prod_proc[2056,proc,spod,loh]",2145.414251
"prod_proc[2056,proc,spod,lce]",0
"prod_proc[2056,proc,clay,loh]",0
"prod_proc[2056,proc,clay,lce]",1183.481035
"prod_proc[2057,proc,brine,loh]",0
"prod_proc[2057,proc,brine,lce]",0
"prod_proc[2057,proc,spod,loh]",2217.358851
"prod_proc[2057,proc,spod,lce]",0
"prod_proc[2057,proc,clay,loh]",0
"prod_proc[2057,proc,clay,lce]",1223.168042
"prod_proc[2058,proc,brine,loh]",0
"prod_proc[2058,proc,brine,lce]",0
"prod_proc[2058,proc,spod,loh]",2288.096028
"prod_proc[2058,proc,spod,lce]",0
"prod_proc[2058,proc,clay,loh]",0
"prod_proc[2058,proc,clay,lce]",1262.188994
"prod_proc[2059,proc,brine,loh]",0
"prod_proc[2059,proc,brine,lce]",0
"prod_proc[2059,proc,spod,loh]",2357.541621
"prod_proc[2059,proc,spod,lce]",0
"prod_proc[2059,proc,clay,loh]",0
"prod_proc[2059,proc,clay,lce]",1300.497466
"prod_proc[2060,proc,brine,loh]",0
"prod_proc[2060,proc,brine,lce]",0
"prod_proc[2060,proc,spod,loh]",2462.710042
"prod_proc[2060,proc,spod,lce]",0
"prod_proc[2060,proc,clay,loh]",0
"prod_proc[2060,proc,clay,lce]",1358.511825
"prod_proc[2061,proc,brine,loh]",0
"prod_proc[2061,proc,brine,lce]",0
"prod_proc[2061,proc,spod,loh]",2518.773589
"prod_proc[2061,proc,spod,lce]",0
"prod_proc[2061,proc,clay,loh]",0
"prod_proc[2061,proc,clay,lce]",1389.438321
"prod_proc[2062,proc,brine,loh]",0
"prod_proc[2062,proc,brine,lce]",0
"prod_proc[2062,proc,spod,loh]",2573.869398
"prod_proc[2062,proc,spod,lce]",0
"prod_proc[2062,proc,clay,loh]",0
"prod_proc[2062,proc,clay,lce]",1419.83098
"prod_proc[2063,proc,brine,loh]",0
"prod_proc[2063,proc,brine,lce]",0
"prod_proc[2063,proc,spod,loh]",2627.989594
"prod_proc[2063,proc,spod,lce]",0
"prod_proc[2063,proc,clay,loh]",0
"prod_proc[2063,proc,clay,lce]",1449.68546
"prod_proc[2064,proc,brine,loh]",0
"prod_proc[2064,proc,brine,lce]",0
"prod_proc[2064,proc,spod,loh]",2681.137851
"prod_proc[2064,proc,spod,lce]",0
"prod_proc[2064,proc,clay,loh]",0
"prod_proc[2064,proc,clay,lce]",1479.003786
"prod_proc[2065,proc,brine,loh]",0
"prod_proc[2065,proc,brine,lce]",0
"prod_proc[2065,proc,spod,loh]",2733.328026
"prod_proc[2065,proc,spod,lce]",0
"prod_proc[2065,proc,clay,loh]",0
"prod_proc[2065,proc,clay,lce]",1507.793602
"prod_proc[2066,proc,brine,loh]",0
"prod_proc[2066,proc,brine,lce]",0
"prod_proc[2066,proc,spod,loh]",2784.582787
"prod_proc[2066,proc,spod,lce]",0
"prod_proc[2066,proc,clay,loh]",0
"prod_proc[2066,proc,clay,lce]",1536.067413
"prod_proc[2067,proc,brine,loh]",0
"prod_proc[2067,proc,brine,lce]",0
"prod_proc[2067,proc,spod,loh]",2834.932277
"prod_proc[2067,proc,spod,lce]",0
"prod_proc[2067,proc,clay,loh]",0
"prod_proc[2067,proc,clay,lce]",1563.841847
"prod_proc[2068,proc,brine,loh]",0
"prod_proc[2068,proc,brine,lce]",0
"prod_proc[2068,proc,spod,loh]",2884.41283
"prod_proc[2068,proc,spod,lce]",0
"prod_proc[2068,proc,clay,loh]",0
"prod_proc[2068,proc,clay,lce]",1591.136947
"prod_proc[2069,proc,brine,loh]",0
"prod_proc[2069,proc,brine,lce]",0
"prod_proc[2069,proc,spod,loh]",2933.065776
"prod_proc[2069,proc,spod,lce]",0
"prod_proc[2069,proc,clay,loh]",0
"prod_proc[2069,proc,clay,lce]",1617.975512
"prod_proc[2070,proc,brine,loh]",0
"prod_proc[2070,proc,brine,lce]",0
"prod_proc[2070,proc,spod,loh]",2980.936338
"prod_proc[2070,proc,spod,lce]",0
"prod_proc[2070,proc,clay,loh]",0
"prod_proc[2070,proc,clay,lce]",1644.382487
"prod_proc[2071,proc,brine,loh]",0
"prod_proc[2071,proc,brine,lce]",0
"prod_proc[2071,proc,spod,loh]",3028.072637
"prod_proc[2071,proc,spod,lce]",0
"prod_proc[2071,proc,clay,loh]",0
"prod_proc[2071,proc,clay,lce]",1670.38442
"prod_proc[2072,proc,brine,loh]",0
"prod_proc[2072,proc,brine,lce]",0
"prod_proc[2072,proc,spod,loh]",3074.524805
"prod_proc[2072,proc,spod,lce]",0
"prod_proc[2072,proc,clay,loh]",0
"prod_proc[2072,proc,clay,lce]",1696.008963
"prod_proc[2073,proc,brine,loh]",0
"prod_proc[2073,proc,brine,lce]",0
"prod_proc[2073,proc,spod,loh]",3120.344209
"prod_proc[2073,proc,spod,lce]",0
"prod_proc[2073,proc,clay,loh]",0
"prod_proc[2073,proc,clay,lce]",1721.284452
"prod_proc[2074,proc,brine,loh]",0
"prod_proc[2074,proc,brine,lce]",0
"prod_proc[2074,proc,spod,loh]",3165.582777
"prod_proc[2074,proc,spod,lce]",0
"prod_proc[2074,proc,clay,loh]",0
"prod_proc[2074,proc,clay,lce]",1746.239534
"prod_proc[2075,proc,brine,loh]",0
"prod_proc[2075,proc,brine,lce]",0
"prod_proc[2075,proc,spod,loh]",3210.292432
"prod_proc[2075,proc,spod,lce]",0
"prod_proc[2075,proc,clay,loh]",0
"prod_proc[2075,proc,clay,lce]",1770.90285
"prod_proc[2076,proc,brine,loh]",0
"prod_proc[2076,proc,brine,lce]",0
"prod_proc[2076,proc,spod,loh]",3254.524611
"prod_proc[2076,proc,spod,lce]",0
"prod_proc[2076,proc,clay,loh]",0
"prod_proc[2076,proc,clay,lce]",1795.302774
"prod_proc[2077,proc,brine,loh]",0
"prod_proc[2077,proc,brine,lce]",0
"prod_proc[2077,proc,spod,loh]",3298.329877
"prod_proc[2077,proc,spod,lce]",0
"prod_proc[2077,proc,clay,loh]",0
"prod_proc[2077,proc,clay,lce]",1819.467198
"prod_proc[2078,proc,brine,loh]",0
"prod_proc[2078,proc,brine,lce]",0
"prod_proc[2078,proc,spod,loh]",3341.7576
"prod_proc[2078,proc,spod,lce]",0
"prod_proc[2078,proc,clay,loh]",0
"prod_proc[2078,proc,clay,lce]",1843.423358
"prod_proc[2079,proc,brine,loh]",0
"prod_proc[2079,proc,brine,lce]",0
"prod_proc[2079,proc,spod,loh]",3384.855716
"prod_proc[2079,proc,spod,lce]",0
"prod_proc[2079,proc,clay,loh]",0
"prod_proc[2079,proc,clay,lce]",1867.197696
"prod_proc[2080,proc,brine,loh]",0
"prod_proc[2080,proc,brine,lce]",0
"prod_proc[2080,proc,spod,loh]",3427.670538
"prod_proc[2080,proc,spod,lce]",0
"prod_proc[2080,proc,clay,loh]",0
"prod_proc[2080,proc,clay,lce]",1890.815759
"prod_proc[2081,proc,brine,loh]",0
"prod_proc[2081,proc,brine,lce]",0
"prod_proc[2081,proc,spod,loh]",3470.246621
"prod_proc[2081,proc,spod,lce]",0
"prod_proc[2081,proc,clay,loh]",0
"prod_proc[2081,proc,clay,lce]",1914.302127
"prod_proc[2082,proc,brine,loh]",0
"prod_proc[2082,proc,brine,lce]",0
"prod_proc[2082,proc,spod,loh]",3512.626675
"prod_proc[2082,proc,spod,lce]",0
"prod_proc[2082,proc,clay,loh]",0
"prod_proc[2082,proc,clay,lce]",1937.680358
"prod_proc[2083,proc,brine,loh]",0
"prod_proc[2083,proc,brine,lce]",0
"prod_proc[2083,proc,spod,loh]",3554.851508
"prod_proc[2083,proc,spod,lce]",0
"prod_proc[2083,proc,clay,loh]",0
"prod_proc[2083,proc,clay,lce]",1960.972964
"prod_proc[2084,proc,brine,loh]",0
"prod_proc[2084,proc,brine,lce]",0
"prod_proc[2084,proc,spod,loh]",3596.96001
"prod_proc[2084,proc,spod,lce]",0
"prod_proc[2084,proc,clay,loh]",0
"prod_proc[2084,proc,clay,lce]",1984.201398
"prod_proc[2085,proc,brine,loh]",0
"prod_proc[2085,proc,brine,lce]",0
"prod_proc[2085,proc,spod,loh]",3638.989151
"prod_proc[2085,proc,spod,lce]",0
"prod_proc[2085,proc,clay,loh]",0
"prod_proc[2085,proc,clay,lce]",2007.386054
"prod_proc[2086,proc,brine,loh]",0
"prod_proc[2086,proc,brine,lce]",0
"prod_proc[2086,proc,spod,loh]",3680.974013
"prod_proc[2086,proc,spod,lce]",0
"prod_proc[2086,proc,clay,loh]",0
"prod_proc[2086,proc,clay,lce]",2030.546284
"prod_proc[2087,proc,brine,loh]",0
"prod_proc[2087,proc,brine,lce]",0
"prod_proc[2087,proc,spod,loh]",3722.947826
"prod_proc[2087,proc,spod,lce]",0
"prod_proc[2087,proc,clay,loh]",0
"prod_proc[2087,proc,clay,lce]",2053.700419
"prod_proc[2088,proc,brine,loh]",0
"prod_proc[2088,proc,brine,lce]",0
"prod_proc[2088,proc,spod,loh]",3764.942028
"prod_proc[2088,proc,spod,lce]",0
"prod_proc[2088,proc,clay,loh]",0
"prod_proc[2088,proc,clay,lce]",2076.865802
"prod_proc[2089,proc,brine,loh]",0
"prod_proc[2089,proc,brine,lce]",0
"prod_proc[2089,proc,spod,loh]",3806.986323
"prod_proc[2089,proc,spod,lce]",0
"prod_proc[2089,proc,clay,loh]",0
"prod_proc[2089,proc,clay,lce]",2100.058817
"prod_proc[2090,proc,brine,loh]",0
"prod_proc[2090,proc,brine,lce]",0
"prod_proc[2090,proc,spod,loh]",3849.108758
"prod_proc[2090,proc,spod,lce]",0
"prod_proc[2090,proc,clay,loh]",0
"prod_proc[2090,proc,clay,lce]",2123.294937
"prod_proc[2091,proc,brine,loh]",0
"prod_proc[2091,proc,brine,lce]",0
"prod_proc[2091,proc,spod,loh]",3891.335797
"prod_proc[2091,proc,spod,lce]",0
"prod_proc[2091,proc,clay,loh]",0
"prod_proc[2091,proc,clay,lce]",2146.58876
"prod_proc[2092,proc,brine,loh]",0
"prod_proc[2092,proc,brine,lce]",0
"prod_proc[2092,proc,spod,loh]",3933.692399
"prod_proc[2092,proc,spod,lce]",0
"prod_proc[2092,proc,clay,loh]",0
"prod_proc[2092,proc,clay,lce]",2169.954054
"prod_proc[2093,proc,brine,loh]",0
"prod_proc[2093,proc,brine,lce]",0
"prod_proc[2093,proc,spod,loh]",3976.202101
"prod_proc[2093,proc,spod,lce]",0
"prod_proc[2093,proc,clay,loh]",0
"prod_proc[2093,proc,clay,lce]",2193.403803
"prod_proc[2094,proc,brine,loh]",0
"prod_proc[2094,proc,brine,lce]",0
"prod_proc[2094,proc,spod,loh]",4018.887097
"prod_proc[2094,proc,spod,lce]",0
"prod_proc[2094,proc,clay,loh]",0
"prod_proc[2094,proc,clay,lce]",2216.950251
"prod_proc[2095,proc,brine,loh]",0
"prod_proc[2095,proc,brine,lce]",0
"prod_proc[2095,proc,spod,loh]",4061.768319
"prod_proc[2095,proc,spod,lce]",0
"prod_proc[2095,proc,clay,loh]",0
"prod_proc[2095,proc,clay,lce]",2240.604943
"prod_proc[2096,proc,brine,loh]",0
"prod_proc[2096,proc,brine,lce]",0
"prod_proc[2096,proc,spod,loh]",4104.865515
"prod_proc[2096,proc,spod,lce]",0
"prod_proc[2096,proc,clay,loh]",0
"prod_proc[2096,proc,clay,lce]",2264.378773
"prod_proc[2097,proc,brine,loh]",0
"prod_proc[2097,proc,brine,lce]",0
"prod_proc[2097,proc,spod,loh]",4148.197326
"prod_proc[2097,proc,spod,lce]",0
"prod_proc[2097,proc,clay,loh]",0
"prod_proc[2097,proc,clay,lce]",2288.282024
"prod_proc[2098,proc,brine,loh]",0
"prod_proc[2098,proc,brine,lce]",0
"prod_proc[2098,proc,spod,loh]",4191.781357
"prod_proc[2098,proc,spod,lce]",0
"prod_proc[2098,proc,clay,loh]",0
"prod_proc[2098,proc,clay,lce]",2312.324409
"prod_proc[2099,proc,brine,loh]",0
"prod_proc[2099,proc,brine,lce]",0
"prod_proc[2099,proc,spod,loh]",4235.634253
"prod_proc[2099,proc,spod,lce]",0
"prod_proc[2099,proc,clay,loh]",0
"prod_proc[2099,proc,clay,lce]",2336.515108
"prod_proc[2100,proc,brine,loh]",0
"prod_proc[2100,proc,brine,lce]",0
"prod_proc[2100,proc,spod,loh]",4279.771763
"prod_proc[2100,proc,spod,lce]",0
"prod_proc[2100,proc,clay,loh]",0
"prod_proc[2100,proc,clay,lce]",2360.86281
"invest_mine[2020,mine,brine]",1
"invest_mine[2020,mine,spod]",1
"invest_mine[2020,mine,clay]",1
"invest_mine[2021,mine,brine]",1
"invest_mine[2021,mine,spod]",1
"invest_mine[2021,mine,clay]",1
"invest_mine[2022,mine,brine]",1
"invest_mine[2022,mine,spod]",1
"invest_mine[2022,mine,clay]",1
"invest_mine[2023,mine,brine]",1
"invest_mine[2023,mine,spod]",1
"invest_mine[2023,mine,clay]",1
"invest_mine[2024,mine,brine]",1
"invest_mine[2024,mine,spod]",1
"invest_mine[2024,mine,clay]",1
"invest_mine[2025,mine,brine]",1
"invest_mine[2025,mine,spod]",1
"invest_mine[2025,mine,clay]",1
"invest_mine[2026,mine,brine]",1
"invest_mine[2026,mine,spod]",1
"invest_mine[2026,mine,clay]",1
"invest_mine[2027,mine,brine]",1
"invest_mine[2027,mine,spod]",1
"invest_mine[2027,mine,clay]",1
"invest_mine[2028,mine,brine]",1
"invest_mine[2028,mine,spod]",1
"invest_mine[2028,mine,clay]",1
"invest_mine[2029,mine,brine]",1
"invest_mine[2029,mine,spod]",1
"invest_mine[2029,mine,clay]",1
"invest_mine[2030,mine,brine]",1
"invest_mine[2030,mine,spod]",1
"invest_mine[2030,mine,clay]",1
"invest_mine[2031,mine,brine]",1
"invest_mine[2031,mine,spod]",1
"invest_mine[2031,mine,clay]",1
"invest_mine[2032,mine,brine]",1
"invest_mine[2032,mine,spod]",1
"invest_mine[2032,mine,clay]",1
"invest_mine[2033,mine,brine]",1
"invest_mine[2033,mine,spod]",1
"invest_mine[2033,mine,clay]",1
"invest_mine[2034,mine,brine]",1
"invest_mine[2034,mine,spod]",1
"invest_mine[2034,mine,clay]",1
"invest_mine[2035,mine,brine]",1
"invest_mine[2035,mine,spod]",1
"invest_mine[2035,mine,clay]",1
"invest_mine[2036,mine,brine]",1
"invest_mine[2036,mine,spod]",1
"invest_mine[2036,mine,clay]",1
"invest_mine[2037,mine,brine]",1
"invest_mine[2037,mine,spod]",1
"invest_mine[2037,mine,clay]",1
"invest_mine[2038,mine,brine]",1
"invest_mine[2038,mine,spod]",1
"invest_mine[2038,mine,clay]",1
"invest_mine[2039,mine,brine]",1
"invest_mine[2039,mine,spod]",1
"invest_mine[2039,mine,clay]",1
"invest_mine[2040,mine,brine]",1
"invest_mine[2040,mine,spod]",1
"invest_mine[2040,mine,clay]",1
"invest_mine[2041,mine,brine]",1
"invest_mine[2041,mine,spod]",1
"invest_mine[2041,mine,clay]",1
"invest_mine[2042,mine,brine]",1
"invest_mine[2042,mine,spod]",1
"invest_mine[2042,mine,clay]",1
"invest_mine[2043,mine,brine]",1
"invest_mine[2043,mine,spod]",1
"invest_mine[2043,mine,clay]",1
"invest_mine[2044,mine,brine]",1
"invest_mine[2044,mine,spod]",1
"invest_mine[2044,mine,clay]",1
"invest_mine[2045,mine,brine]",1
"invest_mine[2045,mine,spod]",1
"invest_mine[2045,mine,clay]",1
"invest_mine[2046,mine,brine]",1
"invest_mine[2046,mine,spod]",1
"invest_mine[2046,mine,clay]",1
"invest_mine[2047,mine,brine]",1
"invest_mine[2047,mine,spod]",1
"invest_mine[2047,mine,clay]",1
"invest_mine[2048,mine,brine]",1
"invest_mine[2048,mine,spod]",1
"invest_mine[2048,mine,clay]",1
"invest_mine[2049,mine,brine]",1
"invest_mine[2049,mine,spod]",1
"invest_mine[2049,mine,clay]",1
"invest_mine[2050,mine,brine]",1
"invest_mine[2050,mine,spod]",1
"invest_mine[2050,mine,clay]",1
"invest_mine[2051,mine,brine]",1
"invest_mine[2051,mine,spod]",1
"invest_mine[2051,mine,clay]",1
"invest_mine[2052,mine,brine]",1
"invest_mine[2052,mine,spod]",1
"invest_mine[2052,mine,clay]",1
"invest_mine[2053,mine,brine]",1
"invest_mine[2053,mine,spod]",1
"invest_mine[2053,mine,clay]",1
"invest_mine[2054,mine,brine]",1
"invest_mine[2054,mine,spod]",1
"invest_mine[2054,mine,clay]",1
"invest_mine[2055,mine,brine]",1
"invest_mine[2055,mine,spod]",1
"invest_mine[2055,mine,clay]",1
"invest_mine[2056,mine,brine]",1
"invest_mine[2056,mine,spod]",1
"invest_mine[2056,mine,clay]",1
"invest_mine[2057,mine,brine]",1
"invest_mine[2057,mine,spod]",1
"invest_mine[2057,mine,clay]",1
"invest_mine[2058,mine,brine]",1
"invest_mine[2058,mine,spod]",1
"invest_mine[2058,mine,clay]",1
"invest_mine[2059,mine,brine]",1
"invest_mine[2059,mine,spod]",1
"invest_mine[2059,mine,clay]",1
"invest_mine[2060,mine,brine]",1
"invest_mine[2060,mine,spod]",1
"invest_mine[2060,mine,clay]",1
"invest_mine[2061,mine,brine]",1
"invest_mine[2061,mine,spod]",1
"invest_mine[2061,mine,clay]",1
"invest_mine[2062,mine,brine]",1
"invest_mine[2062,mine,spod]",1
"invest_mine[2062,mine,clay]",1
"invest_mine[2063,mine,brine]",1
"invest_mine[2063,mine,spod]",1
"invest_mine[2063,mine,clay]",1
"invest_mine[2064,mine,brine]",1
"invest_mine[2064,mine,spod]",1
"invest_mine[2064,mine,clay]",1
"invest_mine[2065,mine,brine]",1
"invest_mine[2065,mine,spod]",1
"invest_mine[2065,mine,clay]",1
"invest_mine[2066,mine,brine]",1
"invest_mine[2066,mine,spod]",1
"invest_mine[2066,mine,clay]",1
"invest_mine[2067,mine,brine]",1
"invest_mine[2067,mine,spod]",1
"invest_mine[2067,mine,clay]",1
"invest_mine[2068,mine,brine]",1
"invest_mine[2068,mine,spod]",1
"invest_mine[2068,mine,clay]",1
"invest_mine[2069,mine,brine]",1
"invest_mine[2069,mine,spod]",1
"invest_mine[2069,mine,clay]",1
"invest_mine[2070,mine,brine]",1
"invest_mine[2070,mine,spod]",1
"invest_mine[2070,mine,clay]",1
"invest_mine[2071,mine,brine]",1
"invest_mine[2071,mine,spod]",1
"invest_mine[2071,mine,clay]",1
"invest_mine[2072,mine,brine]",1
"invest_mine[2072,mine,spod]",1
"invest_mine[2072,mine,clay]",1
"invest_mine[2073,mine,brine]",1
"invest_mine[2073,mine,spod]",1
"invest_mine[2073,mine,clay]",1
"invest_mine[2074,mine,brine]",1
"invest_mine[2074,mine,spod]",1
"invest_mine[2074,mine,clay]",1
"invest_mine[2075,mine,brine]",1
"invest_mine[2075,mine,spod]",1
"invest_mine[2075,mine,clay]",1
"invest_mine[2076,mine,brine]",1
"invest_mine[2076,mine,spod]",1
"invest_mine[2076,mine,clay]",1
"invest_mine[2077,mine,brine]",1
"invest_mine[2077,mine,spod]",1
"invest_mine[2077,mine,clay]",1
"invest_mine[2078,mine,brine]",1
"invest_mine[2078,mine,spod]",1
"invest_mine[2078,mine,clay]",1
"invest_mine[2079,mine,brine]",1
"invest_mine[2079,mine,spod]",1
"invest_mine[2079,mine,clay]",1
"invest_mine[2080,mine,brine]",1
"invest_mine[2080,mine,spod]",1
"invest_mine[2080,mine,clay]",1
"invest_mine[2081,mine,brine]",1
"invest_mine[2081,mine,spod]",1
"invest_mine[2081,mine,clay]",1
"invest_mine[2082,mine,brine]",1
"invest_mine[2082,mine,spod]",1
"invest_mine[2082,mine,clay]",1
"invest_mine[2083,mine,brine]",1
"invest_mine[2083,mine,spod]",1
"invest_mine[2083,mine,clay]",1
"invest_mine[2084,mine,brine]",1
"invest_mine[2084,mine,spod]",1
"invest_mine[2084,mine,clay]",1
"invest_mine[2085,mine,brine]",1
"invest_mine[2085,mine,spod]",1
"invest_mine[2085,mine,clay]",1
"invest_mine[2086,mine,brine]",1
"invest_mine[2086,mine,spod]",1
"invest_mine[2086,mine,clay]",1
"invest_mine[2087,mine,brine]",1
"invest_mine[2087,mine,spod]",1
"invest_mine[2087,mine,clay]",1
"invest_mine[2088,mine,brine]",1
"invest_mine[2088,mine,spod]",1
"invest_mine[2088,mine,clay]",1
"invest_mine[2089,mine,brine]",1
"invest_mine[2089,mine,spod]",1
"invest_mine[2089,mine,clay]",1
"invest_mine[2090,mine,brine]",1
"invest_mine[2090,mine,spod]",1
"invest_mine[2090,mine,clay]",1
"invest_mine[2091,mine,brine]",1
"invest_mine[2091,mine,spod]",1
"invest_mine[2091,mine,clay]",1
"invest_mine[2092,mine,brine]",1
"invest_mine[2092,mine,spod]",1
"invest_mine[2092,mine,clay]",1
"invest_mine[2093,mine,brine]",1
"invest_mine[2093,mine,spod]",1
"invest_mine[2093,mine,clay]",1
"invest_mine[2094,mine,brine]",1
"invest_mine[2094,mine,spod]",1
"invest_mine[2094,mine,clay]",1
"invest_mine[2095,mine,brine]",1
"invest_mine[2095,mine,spod]",1
"invest_mine[2095,mine,clay]",1
"invest_mine[2096,mine,brine]",1
"invest_mine[2096,mine,spod]",1
"invest_mine[2096,mine,clay]",1
"invest_mine[2097,mine,brine]",1
"invest_mine[2097,mine,spod]",1
"invest_mine[2097,mine,clay]",1
"invest_mine[2098,mine,brine]",1
"invest_mine[2098,mine,spod]",1
"invest_mine[2098,mine,clay]",1
"invest_mine[2099,mine,brine]",1
"invest_mine[2099,mine,spod]",1
"invest_mine[2099,mine,clay]",1
"invest_mine[2100,mine,brine]",1
"invest_mine[2100,mine,spod]",1
"invest_mine[2100,mine,clay]",1
"capacity_mine[2020,mine,brine]",82.5
"capacity_mine[2020,mine,spod]",82.5
"capacity_mine[2020,mine,clay]",82.5
"capacity_mine[2021,mine,brine]",107
"capacity_mine[2021,mine,spod]",107
"capacity_mine[2021,mine,clay]",107
"capacity_mine[2022,mine,brine]",146
"capacity_mine[2022,mine,spod]",146
"capacity_mine[2022,mine,clay]",146
"capacity_mine[2023,mine,brine]",180
"capacity_mine[2023,mine,spod]",180
"capacity_mine[2023,mine,clay]",180
"capacity_mine[2024,mine,brine]",198
"capacity_mine[2024,mine,spod]",198
"capacity_mine[2024,mine,clay]",198
"capacity_mine[2025,mine,brine]",217.8
"capacity_mine[2025,mine,spod]",217.8
"capacity_mine[2025,mine,clay]",217.8
"capacity_mine[2026,mine,brine]",239.58
"capacity_mine[2026,mine,spod]",239.58
"capacity_mine[2026,mine,clay]",239.58
"capacity_mine[2027,mine,brine]",263.538
"capacity_mine[2027,mine,spod]",263.538
"capacity_mine[2027,mine,clay]",263.538
"capacity_mine[2028,mine,brine]",289.8918
"capacity_mine[2028,mine,spod]",289.8918
"capacity_mine[2028,mine,clay]",289.8918
"capacity_mine[2029,mine,brine]",318.88098
"capacity_mine[2029,mine,spod]",318.88098
"capacity_mine[2029,mine,clay]",318.88098
"capacity_mine[2030,mine,brine]",259.5588974
"capacity_mine[2030,mine,spod]",259.5588974
"capacity_mine[2030,mine,clay]",259.5588974
"capacity_mine[2031,mine,brine]",280.0979944
"capacity_mine[2031,mine,spod]",280.0979944
"capacity_mine[2031,mine,clay]",280.0979944
"capacity_mine[2032,mine,brine]",301.9592531
"capacity_mine[2032,mine,spod]",301.9592531
"capacity_mine[2032,mine,clay]",301.9592531
"capacity_mine[2033,mine,brine]",325.1662125
"capacity_mine[2033,mine,spod]",325.1662125
"capacity_mine[2033,mine,clay]",325.1662125
"capacity_mine[2034,mine,brine]",349.7333269
"capacity_mine[2034,mine,spod]",349.7333269
"capacity_mine[2034,mine,clay]",349.7333269
"capacity_mine[2035,mine,brine]",375.664907
"capacity_mine[2035,mine,spod]",375.664907
"capacity_mine[2035,mine,clay]",375.664907
"capacity_mine[2036,mine,brine]",402.954181
"capacity_mine[2036,mine,spod]",402.954181
"capacity_mine[2036,mine,clay]",402.954181
"capacity_mine[2037,mine,brine]",431.5825216
"capacity_mine[2037,mine,spod]",431.5825216
"capacity_mine[2037,mine,clay]",431.5825216
"capacity_mine[2038,mine,brine]",461.5188861
"capacity_mine[2038,mine,spod]",461.5188861
"capacity_mine[2038,mine,clay]",461.5188861
"capacity_mine[2039,mine,brine]",492.719512
"capacity_mine[2039,mine,spod]",492.719512
"capacity_mine[2039,mine,clay]",492.719512
"capacity_mine[2040,mine,brine]",516.2645008
"capacity_mine[2040,mine,spod]",516.2645008
"capacity_mine[2040,mine,clay]",516.2645008
"capacity_mine[2041,mine,brine]",549.2141957
"capacity_mine[2041,mine,spod]",549.2141957
"capacity_mine[2041,mine,clay]",549.2141957
"capacity_mine[2042,mine,brine]",583.203144
"capacity_mine[2042,mine,spod]",583.203144
"capacity_mine[2042,mine,clay]",583.203144
"capacity_mine[2043,mine,brine]",618.1415668
"capacity_mine[2043,mine,spod]",618.1415668
"capacity_mine[2043,mine,clay]",618.1415668
"capacity_mine[2044,mine,brine]",653.9303534
"capacity_mine[2044,mine,spod]",653.9303534
"capacity_mine[2044,mine,clay]",653.9303534
"capacity_mine[2045,mine,brine]",690.462616
"capacity_mine[2045,mine,spod]",690.462616
"capacity_mine[2045,mine,clay]",690.462616
"capacity_mine[2046,mine,brine]",727.6254793
"capacity_mine[2046,mine,spod]",727.6254793
"capacity_mine[2046,mine,clay]",727.6254793
"capacity_mine[2047,mine,brine]",765.3020467
"capacity_mine[2047,mine,spod]",765.3020467
"capacity_mine[2047,mine,clay]",765.3020467
"capacity_mine[2048,mine,brine]",803.3734723
"capacity_mine[2048,mine,spod]",803.3734723
"capacity_mine[2048,mine,clay]",803.3734723
"capacity_mine[2049,mine,brine]",841.7210637
"capacity_mine[2049,mine,spod]",841.7210637
"capacity_mine[2049,mine,clay]",841.7210637
"capacity_mine[2050,mine,brine]",880.2283403
"capacity_mine[2050,mine,spod]",880.2283403
"capacity_mine[2050,mine,clay]",880.2283403
"capacity_mine[2051,mine,brine]",918.7829751
"capacity_mine[2051,mine,spod]",918.7829751
"capacity_mine[2051,mine,clay]",918.7829751
"capacity_mine[2052,mine,brine]",957.2785553
"capacity_mine[2052,mine,spod]",957.2785553
"capacity_mine[2052,mine,clay]",957.2785553
"capacity_mine[2053,mine,brine]",995.6161099
"capacity_mine[2053,mine,spod]",995.6161099
"capacity_mine[2053,mine,clay]",995.6161099
"capacity_mine[2054,mine,brine]",1033.705366
"capacity_mine[2054,mine,spod]",1033.705366
"capacity_mine[2054,mine,clay]",1033.705366
"capacity_mine[2055,mine,brine]",1071.465711
"capacity_mine[2055,mine,spod]",1071.465711
"capacity_mine[2055,mine,clay]",1071.465711
"capacity_mine[2056,mine,brine]",1108.826854
"capacity_mine[2056,mine,spod]",1108.826854
"capacity_mine[2056,mine,clay]",1108.826854
"capacity_mine[2057,mine,brine]",1145.729187
"capacity_mine[2057,mine,spod]",1145.729187
"capacity_mine[2057,mine,clay]",1145.729187
"capacity_mine[2058,mine,brine]",1182.123875
"capacity_mine[2058,mine,spod]",1182.123875
"capacity_mine[2058,mine,clay]",1182.123875
"capacity_mine[2059,mine,brine]",1217.97269
"capacity_mine[2059,mine,spod]",1217.97269
"capacity_mine[2059,mine,clay]",1217.97269
"capacity_mine[2060,mine,brine]",1271.035411
"capacity_mine[2060,mine,spod]",1271.035411
"capacity_mine[2060,mine,clay]",1271.035411
"capacity_mine[2061,mine,brine]",1300.618453
"capacity_mine[2061,mine,spod]",1300.618453
"capacity_mine[2061,mine,clay]",1300.618453
"capacity_mine[2062,mine,brine]",1329.817827
"capacity_mine[2062,mine,spod]",1329.817827
"capacity_mine[2062,mine,clay]",1329.817827
"capacity_mine[2063,mine,brine]",1358.632172
"capacity_mine[2063,mine,spod]",1358.632172
"capacity_mine[2063,mine,clay]",1358.632172
"capacity_mine[2064,mine,brine]",1387.065741
"capacity_mine[2064,mine,spod]",1387.065741
"capacity_mine[2064,mine,clay]",1387.065741
"capacity_mine[2065,mine,brine]",1415.127748
"capacity_mine[2065,mine,spod]",1415.127748
"capacity_mine[2065,mine,clay]",1415.127748
"capacity_mine[2066,mine,brine]",1442.83171
"capacity_mine[2066,mine,spod]",1442.83171
"capacity_mine[2066,mine,clay]",1442.83171
"capacity_mine[2067,mine,brine]",1470.194809
"capacity_mine[2067,mine,spod]",1470.194809
"capacity_mine[2067,mine,clay]",1470.194809
"capacity_mine[2068,mine,brine]",1497.23728
"capacity_mine[2068,mine,spod]",1497.23728
"capacity_mine[2068,mine,clay]",1497.23728
"capacity_mine[2069,mine,brine]",1523.981838
"capacity_mine[2069,mine,spod]",1523.981838
"capacity_mine[2069,mine,clay]",1523.981838
"capacity_mine[2070,mine,brine]",1550.453153
"capacity_mine[2070,mine,spod]",1550.453153
"capacity_mine[2070,mine,clay]",1550.453153
"capacity_mine[2071,mine,brine]",1576.677373
"capacity_mine[2071,mine,spod]",1576.677373
"capacity_mine[2071,mine,clay]",1576.677373
"capacity_mine[2072,mine,brine]",1602.681704
"capacity_mine[2072,mine,spod]",1602.681704
"capacity_mine[2072,mine,clay]",1602.681704
"capacity_mine[2073,mine,brine]",1628.494039
"capacity_mine[2073,mine,spod]",1628.494039
"capacity_mine[2073,mine,clay]",1628.494039
"capacity_mine[2074,mine,brine]",1654.142638
"capacity_mine[2074,mine,spod]",1654.142638
"capacity_mine[2074,mine,clay]",1654.142638
"capacity_mine[2075,mine,brine]",1679.655857
"capacity_mine[2075,mine,spod]",1679.655857
"capacity_mine[2075,mine,clay]",1679.655857
"capacity_mine[2076,mine,brine]",1705.061925
"capacity_mine[2076,mine,spod]",1705.061925
"capacity_mine[2076,mine,clay]",1705.061925
"capacity_mine[2077,mine,brine]",1730.388756
"capacity_mine[2077,mine,spod]",1730.388756
"capacity_mine[2077,mine,clay]",1730.388756
"capacity_mine[2078,mine,brine]",1755.663803
"capacity_mine[2078,mine,spod]",1755.663803
"capacity_mine[2078,mine,clay]",1755.663803
"capacity_mine[2079,mine,brine]",1780.913944
"capacity_mine[2079,mine,spod]",1780.913944
"capacity_mine[2079,mine,clay]",1780.913944
"capacity_mine[2080,mine,brine]",1806.165393
"capacity_mine[2080,mine,spod]",1806.165393
"capacity_mine[2080,mine,clay]",1806.165393
"capacity_mine[2081,mine,brine]",1831.443642
"capacity_mine[2081,mine,spod]",1831.443642
"capacity_mine[2081,mine,clay]",1831.443642
"capacity_mine[2082,mine,brine]",1856.773422
"capacity_mine[2082,mine,spod]",1856.773422
"capacity_mine[2082,mine,clay]",1856.773422
"capacity_mine[2083,mine,brine]",1882.178676
"capacity_mine[2083,mine,spod]",1882.178676
"capacity_mine[2083,mine,clay]",1882.178676
"capacity_mine[2084,mine,brine]",1907.682561
"capacity_mine[2084,mine,spod]",1907.682561
"capacity_mine[2084,mine,clay]",1907.682561
"capacity_mine[2085,mine,brine]",1933.307446
"capacity_mine[2085,mine,spod]",1933.307446
"capacity_mine[2085,mine,clay]",1933.307446
"capacity_mine[2086,mine,brine]",1959.074933
"capacity_mine[2086,mine,spod]",1959.074933
"capacity_mine[2086,mine,clay]",1959.074933
"capacity_mine[2087,mine,brine]",1985.005882
"capacity_mine[2087,mine,spod]",1985.005882
"capacity_mine[2087,mine,clay]",1985.005882
"capacity_mine[2088,mine,brine]",2011.120434
"capacity_mine[2088,mine,spod]",2011.120434
"capacity_mine[2088,mine,clay]",2011.120434
"capacity_mine[2089,mine,brine]",2037.438058
"capacity_mine[2089,mine,spod]",2037.438058
"capacity_mine[2089,mine,clay]",2037.438058
"capacity_mine[2090,mine,brine]",2063.977578
"capacity_mine[2090,mine,spod]",2063.977578
"capacity_mine[2090,mine,clay]",2063.977578
"capacity_mine[2091,mine,brine]",2090.757224
"capacity_mine[2091,mine,spod]",2090.757224
"capacity_mine[2091,mine,clay]",2090.757224
"capacity_mine[2092,mine,brine]",2117.794668
"capacity_mine[2092,mine,spod]",2117.794668
"capacity_mine[2092,mine,clay]",2117.794668
"capacity_mine[2093,mine,brine]",2145.10707
"capacity_mine[2093,mine,spod]",2145.10707
"capacity_mine[2093,mine,clay]",2145.10707
"capacity_mine[2094,mine,brine]",2172.711123
"capacity_mine[2094,mine,spod]",2172.711123
"capacity_mine[2094,mine,clay]",2172.711123
"capacity_mine[2095,mine,brine]",2200.623096
"capacity_mine[2095,mine,spod]",2200.623096
"capacity_mine[2095,mine,clay]",2200.623096
"capacity_mine[2096,mine,brine]",2228.858877
"capacity_mine[2096,mine,spod]",2228.858877
"capacity_mine[2096,mine,clay]",2228.858877
"capacity_mine[2097,mine,brine]",2257.434015
"capacity_mine[2097,mine,spod]",2257.434015
"capacity_mine[2097,mine,clay]",2257.434015
"capacity_mine[2098,mine,brine]",2286.363759
"capacity_mine[2098,mine,spod]",2286.363759
"capacity_mine[2098,mine,clay]",2286.363759
"capacity_mine[2099,mine,brine]",2315.663102
"capacity_mine[2099,mine,spod]",2315.663102
"capacity_mine[2099,mine,clay]",2315.663102
"capacity_mine[2100,mine,brine]",2345.34682
"capacity_mine[2100,mine,spod]",2345.34682
"capacity_mine[2100,mine,clay]",2345.34682
"invest_proc[2020,proc,brine,loh]",0
"invest_proc[2020,proc,brine,lce]",0
"invest_proc[2020,proc,spod,loh]",0
"invest_proc[2020,proc,spod,lce]",0
"invest_proc[2020,proc,clay,loh]",1
"invest_proc[2020,proc,clay,lce]",1
"invest_proc[2021,proc,brine,loh]",0
"invest_proc[2021,proc,brine,lce]",0
"invest_proc[2021,proc,spod,loh]",0
"invest_proc[2021,proc,spod,lce]",0
"invest_proc[2021,proc,clay,loh]",1
"invest_proc[2021,proc,clay,lce]",1
"invest_proc[2022,proc,brine,loh]",0
"invest_proc[2022,proc,brine,lce]",0
"invest_proc[2022,proc,spod,loh]",0
"invest_proc[2022,proc,spod,lce]",0
"invest_proc[2022,proc,clay,loh]",1
"invest_proc[2022,proc,clay,lce]",1
"invest_proc[2023,proc,brine,loh]",0
"invest_proc[2023,proc,brine,lce]",0
"invest_proc[2023,proc,spod,loh]",0
"invest_proc[2023,proc,spod,lce]",1
"invest_proc[2023,proc,clay,loh]",1
"invest_proc[2023,proc,clay,lce]",0
"invest_proc[2024,proc,brine,loh]",0
"invest_proc[2024,proc,brine,lce]",0
"invest_proc[2024,proc,spod,loh]",0
"invest_proc[2024,proc,spod,lce]",0
"invest_proc[2024,proc,clay,loh]",1
"invest_proc[2024,proc,clay,lce]",1
"invest_proc[2025,proc,brine,loh]",0
"invest_proc[2025,proc,brine,lce]",0
"invest_proc[2025,proc,spod,loh]",0
"invest_proc[2025,proc,spod,lce]",0
"invest_proc[2025,proc,clay,loh]",1
"invest_proc[2025,proc,clay,lce]",1
"invest_proc[2026,proc,brine,loh]",0
"invest_proc[2026,proc,brine,lce]",0
"invest_proc[2026,proc,spod,loh]",0
"invest_proc[2026,proc,spod,lce]",0
"invest_proc[2026,proc,clay,loh]",1
"invest_proc[2026,proc,clay,lce]",1
"invest_proc[2027,proc,brine,loh]",0
"invest_proc[2027,proc,brine,lce]",0
"invest_proc[2027,proc,spod,loh]",1
"invest_proc[2027,proc,spod,lce]",0
"invest_proc[2027,proc,clay,loh]",0
"invest_proc[2027,proc,clay,lce]",1
"invest_proc[2028,proc,brine,loh]",0
"invest_proc[2028,proc,brine,lce]",0
"invest_proc[2028,proc,spod,loh]",0
"invest_proc[2028,proc,spod,lce]",0
"invest_proc[2028,proc,clay,loh]",1
"invest_proc[2028,proc,clay,lce]",1
"invest_proc[2029,proc,brine,loh]",0
"invest_proc[2029,proc,brine,lce]",0
"invest_proc[2029,proc,spod,loh]",0
"invest_proc[2029,proc,spod,lce]",0
"invest_proc[2029,proc,clay,loh]",1
"invest_proc[2029,proc,clay,lce]",1
"invest_proc[2030,proc,brine,loh]",0
"invest_proc[2030,proc,brine,lce]",0
"invest_proc[2030,proc,spod,loh]",0
"invest_proc[2030,proc,spod,lce]",0
"invest_proc[2030,proc,clay,loh]",1
"invest_proc[2030,proc,clay,lce]",1
"invest_proc[2031,proc,brine,loh]",0
"invest_proc[2031,proc,brine,lce]",0
"invest_proc[2031,proc,spod,loh]",1
"invest_proc[2031,proc,spod,lce]",0
"invest_proc[2031,proc,clay,loh]",0
"invest_proc[2031,proc,clay,lce]",1
"invest_proc[2032,proc,brine,loh]",0
"invest_proc[2032,proc,brine,lce]",0
"invest_proc[2032,proc,spod,loh]",0
"invest_proc[2032,proc,spod,lce]",0
"invest_proc[2032,proc,clay,loh]",1
"invest_proc[2032,proc,clay,lce]",1
"invest_proc[2033,proc,brine,loh]",0
"invest_proc[2033,proc,brine,lce]",0
"invest_proc[2033,proc,spod,loh]",1
"invest_proc[2033,proc,spod,lce]",0
"invest_proc[2033,proc,clay,loh]",0
"invest_proc[2033,proc,clay,lce]",1
"invest_proc[2034,proc,brine,loh]",0
"invest_proc[2034,proc,brine,lce]",0
"invest_proc[2034,proc,spod,loh]",1
"invest_proc[2034,proc,spod,lce]",0
"invest_proc[2034,proc,clay,loh]",0
"invest_proc[2034,proc,clay,lce]",1
"invest_proc[2035,proc,brine,loh]",0
"invest_proc[2035,proc,brine,lce]",0
"invest_proc[2035,proc,spod,loh]",0
"invest_proc[2035,proc,spod,lce]",0
"invest_proc[2035,proc,clay,loh]",1
"invest_proc[2035,proc,clay,lce]",1
"invest_proc[2036,proc,brine,loh]",0
"invest_proc[2036,proc,brine,lce]",0
"invest_proc[2036,proc,spod,loh]",0
"invest_proc[2036,proc,spod,lce]",0
"invest_proc[2036,proc,clay,loh]",1
"invest_proc[2036,proc,clay,lce]",1
"invest_proc[2037,proc,brine,loh]",0
"invest_proc[2037,proc,brine,lce]",0
"invest_proc[2037,proc,spod,loh]",0
"invest_proc[2037,proc,spod,lce]",0
"invest_proc[2037,proc,clay,loh]",1
"invest_proc[2037,proc,clay,lce]",1
"invest_proc[2038,proc,brine,loh]",0
"invest_proc[2038,proc,brine,lce]",0
"invest_proc[2038,proc,spod,loh]",0
"invest_proc[2038,proc,spod,lce]",0
"invest_proc[2038,proc,clay,loh]",1
"invest_proc[2038,proc,clay,lce]",1
"invest_proc[2039,proc,brine,loh]",0
"invest_proc[2039,proc,brine,lce]",0
"invest_proc[2039,proc,spod,loh]",0
"invest_proc[2039,proc,spod,lce]",0
"invest_proc[2039,proc,clay,loh]",1
"invest_proc[2039,proc,clay,lce]",1
"invest_proc[2040,proc,brine,loh]",0
"invest_proc[2040,proc,brine,lce]",0
"invest_proc[2040,proc,spod,loh]",0
"invest_proc[2040,proc,spod,lce]",0
"invest_proc[2040,proc,clay,loh]",1
"invest_proc[2040,proc,clay,lce]",1
"invest_proc[2041,proc,brine,loh]",0
"invest_proc[2041,proc,brine,lce]",0
"invest_proc[2041,proc,spod,loh]",0
"invest_proc[2041,proc,spod,lce]",0
"invest_proc[2041,proc,clay,loh]",1
"invest_proc[2041,proc,clay,lce]",1
"invest_proc[2042,proc,brine,loh]",0
"invest_proc[2042,proc,brine,lce]",0
"invest_proc[2042,proc,spod,loh]",0
"invest_proc[2042,proc,spod,lce]",1
"invest_proc[2042,proc,clay,loh]",1
"invest_proc[2042,proc,clay,lce]",0
"invest_proc[2043,proc,brine,loh]",0
"invest_proc[2043,proc,brine,lce]",0
"invest_proc[2043,proc,spod,loh]",1
"invest_proc[2043,proc,spod,lce]",0
"invest_proc[2043,proc,clay,loh]",0
"invest_proc[2043,proc,clay,lce]",1
"invest_proc[2044,proc,brine,loh]",0
"invest_proc[2044,proc,brine,lce]",0
"invest_proc[2044,proc,spod,loh]",0
"invest_proc[2044,proc,spod,lce]",0
"invest_proc[2044,proc,clay,loh]",1
"invest_proc[2044,proc,clay,lce]",1
"invest_proc[2045,proc,brine,loh]",0
"invest_proc[2045,proc,brine,lce]",0
"invest_proc[2045,proc,spod,loh]",0
"invest_proc[2045,proc,spod,lce]",0
"invest_proc[2045,proc,clay,loh]",1
"invest_proc[2045,proc,clay,lce]",1
"invest_proc[2046,proc,brine,loh]",0
"invest_proc[2046,proc,brine,lce]",0
"invest_proc[2046,proc,spod,loh]",0
"invest_proc[2046,proc,spod,lce]",0
"invest_proc[2046,proc,clay,loh]",1
"invest_proc[2046,proc,clay,lce]",1
"invest_proc[2047,proc,brine,loh]",0
"invest_proc[2047,proc,brine,lce]",0
"invest_proc[2047,proc,spod,loh]",0
"invest_proc[2047,proc,spod,lce]",0
"invest_proc[2047,proc,clay,loh]",1
"invest_proc[2047,proc,clay,lce]",1
"invest_proc[2048,proc,brine,loh]",0
"invest_proc[2048,proc,brine,lce]",0
"invest_proc[2048,proc,spod,loh]",0
"invest_proc[2048,proc,spod,lce]",0
"invest_proc[2048,proc,clay,loh]",1
"invest_proc[2048,proc,clay,lce]",1
"invest_proc[2049,proc,brine,loh]",0
"invest_proc[2049,proc,brine,lce]",0
"invest_proc[2049,proc,spod,loh]",0
"invest_proc[2049,proc,spod,lce]",0
"invest_proc[2049,proc,clay,loh]",1
"invest_proc[2049,proc,clay,lce]",1
"invest_proc[2050,proc,brine,loh]",0
"invest_proc[2050,proc,brine,lce]",0
"invest_proc[2050,proc,spod,loh]",0
"invest_proc[2050,proc,spod,lce]",0
"invest_proc[2050,proc,clay,loh]",1
"invest_proc[2050,proc,clay,lce]",1
"invest_proc[2051,proc,brine,loh]",0
"invest_proc[2051,proc,brine,lce]",0
"invest_proc[2051,proc,spod,loh]",0
"invest_proc[2051,proc,spod,lce]",0
"invest_proc[2051,proc,clay,loh]",1
"invest_proc[2051,proc,clay,lce]",1
"invest_proc[2052,proc,brine,loh]",0
"invest_proc[2052,proc,brine,lce]",0
"invest_proc[2052,proc,spod,loh]",0
"invest_proc[2052,proc,spod,lce]",0
"invest_proc[2052,proc,clay,loh]",1
"invest_proc[2052,proc,clay,lce]",1
"invest_proc[2053,proc,brine,loh]",0
"invest_proc[2053,proc,brine,lce]",0
"invest_proc[2053,proc,spod,loh]",0
"invest_proc[2053,proc,spod,lce]",0
"invest_proc[2053,proc,clay,loh]",1
"invest_proc[2053,proc,clay,lce]",1
"invest_proc[2054,proc,brine,loh]",0
"invest_proc[2054,proc,brine,lce]",0
"invest_proc[2054,proc,spod,loh]",0
"invest_proc[2054,proc,spod,lce]",0
"invest_proc[2054,proc,clay,loh]",1
"invest_proc[2054,proc,clay,lce]",1
"invest_proc[2055,proc,brine,loh]",0
"invest_proc[2055,proc,brine,lce]",0
"invest_proc[2055,proc,spod,loh]",0
"invest_proc[2055,proc,spod,lce]",0
"invest_proc[2055,proc,clay,loh]",1
"invest_proc[2055,proc,clay,lce]",1
"invest_proc[2056,proc,brine,loh]",0
"invest_proc[2056,proc,brine,lce]",0
"invest_proc[2056,proc,spod,loh]",1
"invest_proc[2056,proc,spod,lce]",0
"invest_proc[2056,proc,clay,loh]",0
"invest_proc[2056,proc,clay,lce]",1
"invest_proc[2057,proc,brine,loh]",0
"invest_proc[2057,proc,brine,lce]",0
"invest_proc[2057,proc,spod,loh]",0
"invest_proc[2057,proc,spod,lce]",0
"invest_proc[2057,proc,clay,loh]",1
"invest_proc[2057,proc,clay,lce]",1
"invest_proc[2058,proc,brine,loh]",0
"invest_proc[2058,proc,brine,lce]",0
"invest_proc[2058,proc,spod,loh]",0
"invest_proc[2058,proc,spod,lce]",0
"invest_proc[2058,proc,clay,loh]",1
"invest_proc[2058,proc,clay,lce]",1
"invest_proc[2059,proc,brine,loh]",0
"invest_proc[2059,proc,brine,lce]",0
"invest_proc[2059,proc,spod,loh]",0
"invest_proc[2059,proc,spod,lce]",1
"invest_proc[2059,proc,clay,loh]",1
"invest_proc[2059,proc,clay,lce]",0
"invest_proc[2060,proc,brine,loh]",0
"invest_proc[2060,proc,brine,lce]",0
"invest_proc[2060,proc,spod,loh]",0
"invest_proc[2060,proc,spod,lce]",0
"invest_proc[2060,proc,clay,loh]",1
"invest_proc[2060,proc,clay,lce]",1
"invest_proc[2061,proc,brine,loh]",0
"invest_proc[2061,proc,brine,lce]",0
"invest_proc[2061,proc,spod,loh]",0
"invest_proc[2061,proc,spod,lce]",0
"invest_proc[2061,proc,clay,loh]",1
"invest_proc[2061,proc,clay,lce]",1
"invest_proc[2062,proc,brine,loh]",0
"invest_proc[2062,proc,brine,lce]",0
"invest_proc[2062,proc,spod,loh]",0
"invest_proc[2062,proc,spod,lce]",0
"invest_proc[2062,proc,clay,loh]",1
"invest_proc[2062,proc,clay,lce]",1
"invest_proc[2063,proc,brine,loh]",0
"invest_proc[2063,proc,brine,lce]",0
"invest_proc[2063,proc,spod,loh]",0
"invest_proc[2063,proc,spod,lce]",0
"invest_proc[2063,proc,clay,loh]",1
"invest_proc[2063,proc,clay,lce]",1
"invest_proc[2064,proc,brine,loh]",0
"invest_proc[2064,proc,brine,lce]",0
"invest_proc[2064,proc,spod,loh]",1
"invest_proc[2064,proc,spod,lce]",0
"invest_proc[2064,proc,clay,loh]",0
"invest_proc[2064,proc,clay,lce]",1
"invest_proc[2065,proc,brine,loh]",0
"invest_proc[2065,proc,brine,lce]",0
"invest_proc[2065,proc,spod,loh]",0
"invest_proc[2065,proc,spod,lce]",0
"invest_proc[2065,proc,clay,loh]",1
"invest_proc[2065,proc,clay,lce]",1
"invest_proc[2066,proc,brine,loh]",0
"invest_proc[2066,proc,brine,lce]",0
"invest_proc[2066,proc,spod,loh]",0
"invest_proc[2066,proc,spod,lce]",0
"invest_proc[2066,proc,clay,loh]",1
"invest_proc[2066,proc,clay,lce]",1
"invest_proc[2067,proc,brine,loh]",0
"invest_proc[2067,proc,brine,lce]",0
"invest_proc[2067,proc,spod,loh]",0
"invest_proc[2067,proc,spod,lce]",0
"invest_proc[2067,proc,clay,loh]",1
"invest_proc[2067,proc,clay,lce]",1
"invest_proc[2068,proc,brine,loh]",0
"invest_proc[2068,proc,brine,lce]",0
"invest_proc[2068,proc,spod,loh]",0
"invest_proc[2068,proc,spod,lce]",0
"invest_proc[2068,proc,clay,loh]",1
"invest_proc[2068,proc,clay,lce]",1
"invest_proc[2069,proc,brine,loh]",0
"invest_proc[2069,proc,brine,lce]",0
"invest_proc[2069,proc,spod,loh]",0
"invest_proc[2069,proc,spod,lce]",0
"invest_proc[2069,proc,clay,loh]",1
"invest_proc[2069,proc,clay,lce]",1
"invest_proc[2070,proc,brine,loh]",0
"invest_proc[2070,proc,brine,lce]",0
"invest_proc[2070,proc,spod,loh]",0
"invest_proc[2070,proc,spod,lce]",0
"invest_proc[2070,proc,clay,loh]",1
"invest_proc[2070,proc,clay,lce]",1
"invest_proc[2071,proc,brine,loh]",0
"invest_proc[2071,proc,brine,lce]",0
"invest_proc[2071,proc,spod,loh]",0
"invest_proc[2071,proc,spod,lce]",0
"invest_proc[2071,proc,clay,loh]",1
"invest_proc[2071,proc,clay,lce]",1
"invest_proc[2072,proc,brine,loh]",0
"invest_proc[2072,proc,brine,lce]",0
"invest_proc[2072,proc,spod,loh]",0
"invest_proc[2072,proc,spod,lce]",0
"invest_proc[2072,proc,clay,loh]",1
"invest_proc[2072,proc,clay,lce]",1
"invest_proc[2073,proc,brine,loh]",0
"invest_proc[2073,proc,brine,lce]",0
"invest_proc[2073,proc,spod,loh]",0
"invest_proc[2073,proc,spod,lce]",0
"invest_proc[2073,proc,clay,loh]",1
"invest_proc[2073,proc,clay,lce]",1
"invest_proc[2074,proc,brine,loh]",0
"invest_proc[2074,proc,brine,lce]",0
"invest_proc[2074,proc,spod,loh]",0
"invest_proc[2074,proc,spod,lce]",0
"invest_proc[2074,proc,clay,loh]",1
"invest_proc[2074,proc,clay,lce]",1
"invest_proc[2075,proc,brine,loh]",0
"invest_proc[2075,proc,brine,lce]",0
"invest_proc[2075,proc,spod,loh]",0
"invest_proc[2075,proc,spod,lce]",0
"invest_proc[2075,proc,clay,loh]",1
"invest_proc[2075,proc,clay,lce]",1
"invest_proc[2076,proc,brine,loh]",0
"invest_proc[2076,proc,brine,lce]",0
"invest_proc[2076,proc,spod,loh]",0
"invest_proc[2076,proc,spod,lce]",0
"invest_proc[2076,proc,clay,loh]",1
"invest_proc[2076,proc,clay,lce]",1
"invest_proc[2077,proc,brine,loh]",0
"invest_proc[2077,proc,brine,lce]",0
"invest_proc[2077,proc,spod,loh]",0
"invest_proc[2077,proc,spod,lce]",0
"invest_proc[2077,proc,clay,loh]",1
"invest_proc[2077,proc,clay,lce]",1
"invest_proc[2078,proc,brine,loh]",0
"invest_proc[2078,proc,brine,lce]",0
"invest_proc[2078,proc,spod,loh]",0
"invest_proc[2078,proc,spod,lce]",0
"invest_proc[2078,proc,clay,loh]",1
"invest_proc[2078,proc,clay,lce]",1
"invest_proc[2079,proc,brine,loh]",0
"invest_proc[2079,proc,brine,lce]",0
"invest_proc[2079,proc,spod,loh]",0
"invest_proc[2079,proc,spod,lce]",0
"invest_proc[2079,proc,clay,loh]",1
"invest_proc[2079,proc,clay,lce]",1
"invest_proc[2080,proc,brine,loh]",0
"invest_proc[2080,proc,brine,lce]",0
"invest_proc[2080,proc,spod,loh]",0
"invest_proc[2080,proc,spod,lce]",0
"invest_proc[2080,proc,clay,loh]",1
"invest_proc[2080,proc,clay,lce]",1
"invest_proc[2081,proc,brine,loh]",0
"invest_proc[2081,proc,brine,lce]",0
"invest_proc[2081,proc,spod,loh]",0
"invest_proc[2081,proc,spod,lce]",0
"invest_proc[2081,proc,clay,loh]",1
"invest_proc[2081,proc,clay,lce]",1
"invest_proc[2082,proc,brine,loh]",0
"invest_proc[2082,proc,brine,lce]",0
"invest_proc[2082,proc,spod,loh]",0
"invest_proc[2082,proc,spod,lce]",0
"invest_proc[2082,proc,clay,loh]",1
"invest_proc[2082,proc,clay,lce]",1
"invest_proc[2083,proc,brine,loh]",0
"invest_proc[2083,proc,brine,lce]",0
"invest_proc[2083,proc,spod,loh]",0
"invest_proc[2083,proc,spod,lce]",0
"invest_proc[2083,proc,clay,loh]",1
"invest_proc[2083,proc,clay,lce]",1
"invest_proc[2084,proc,brine,loh]",0
"invest_proc[2084,proc,brine,lce]",0
"invest_proc[2084,proc,spod,loh]",0
"invest_proc[2084,proc,spod,lce]",0
"invest_proc[2084,proc,clay,loh]",1
"invest_proc[2084,proc,clay,lce]",1
"invest_proc[2085,proc,brine,loh]",0
"invest_proc[2085,proc,brine,lce]",0
"invest_proc[2085,proc,spod,loh]",1
"invest_proc[2085,proc,spod,lce]",0
"invest_proc[2085,proc,clay,loh]",0
"invest_proc[2085,proc,clay,lce]",1
"invest_proc[2086,proc,brine,loh]",0
"invest_proc[2086,proc,brine,lce]",0
"invest_proc[2086,proc,spod,loh]",0
"invest_proc[2086,proc,spod,lce]",0
"invest_proc[2086,proc,clay,loh]",1
"invest_proc[2086,proc,clay,lce]",1
"invest_proc[2087,proc,brine,loh]",0
"invest_proc[2087,proc,brine,lce]",0
"invest_proc[2087,proc,spod,loh]",0
"invest_proc[2087,proc,spod,lce]",0
"invest_proc[2087,proc,clay,loh]",1
"invest_proc[2087,proc,clay,lce]",1
"invest_proc[2088,proc,brine,loh]",0
"invest_proc[2088,proc,brine,lce]",0
"invest_proc[2088,proc,spod,loh]",0
"invest_proc[2088,proc,spod,lce]",0
"invest_proc[2088,proc,clay,loh]",1
"invest_proc[2088,proc,clay,lce]",1
"invest_proc[2089,proc,brine,loh]",0
"invest_proc[2089,proc,brine,lce]",0
"invest_proc[2089,proc,spod,loh]",1
"invest_proc[2089,proc,spod,lce]",0
"invest_proc[2089,proc,clay,loh]",0
"invest_proc[2089,proc,clay,lce]",1
"invest_proc[2090,proc,brine,loh]",0
"invest_proc[2090,proc,brine,lce]",0
"invest_proc[2090,proc,spod,loh]",0
"invest_proc[2090,proc,spod,lce]",0
"invest_proc[2090,proc,clay,loh]",1
"invest_proc[2090,proc,clay,lce]",1
"invest_proc[2091,proc,brine,loh]",0
"invest_proc[2091,proc,brine,lce]",0
"invest_proc[2091,proc,spod,loh]",0
"invest_proc[2091,proc,spod,lce]",0
"invest_proc[2091,proc,clay,loh]",1
"invest_proc[2091,proc,clay,lce]",1
"invest_proc[2092,proc,brine,loh]",0
"invest_proc[2092,proc,brine,lce]",0
"invest_proc[2092,proc,spod,loh]",0
"invest_proc[2092,proc,spod,lce]",0
"invest_proc[2092,proc,clay,loh]",1
"invest_proc[2092,proc,clay,lce]",1
"invest_proc[2093,proc,brine,loh]",0
"invest_proc[2093,proc,brine,lce]",0
"invest_proc[2093,proc,spod,loh]",0
"invest_proc[2093,proc,spod,lce]",0
"invest_proc[2093,proc,clay,loh]",1
"invest_proc[2093,proc,clay,lce]",1
"invest_proc[2094,proc,brine,loh]",0
"invest_proc[2094,proc,brine,lce]",0
"invest_proc[2094,proc,spod,loh]",0
"invest_proc[2094,proc,spod,lce]",0
"invest_proc[2094,proc,clay,loh]",1
"invest_proc[2094,proc,clay,lce]",1
"invest_proc[2095,proc,brine,loh]",0
"invest_proc[2095,proc,brine,lce]",0
"invest_proc[2095,proc,spod,loh]",0
"invest_proc[2095,proc,spod,lce]",0
"invest_proc[2095,proc,clay,loh]",1
"invest_proc[2095,proc,clay,lce]",1
"invest_proc[2096,proc,brine,loh]",0
"invest_proc[2096,proc,brine,lce]",0
"invest_proc[2096,proc,spod,loh]",0
"invest_proc[2096,proc,spod,lce]",0
"invest_proc[2096,proc,clay,loh]",1
"invest_proc[2096,proc,clay,lce]",1
"invest_proc[2097,proc,brine,loh]",0
"invest_proc[2097,proc,brine,lce]",0
"invest_proc[2097,proc,spod,loh]",0
"invest_proc[2097,proc,spod,lce]",0
"invest_proc[2097,proc,clay,loh]",1
"invest_proc[2097,proc,clay,lce]",1
"invest_proc[2098,proc,brine,loh]",0
"invest_proc[2098,proc,brine,lce]",0
"invest_proc[2098,proc,spod,loh]",0
"invest_proc[2098,proc,spod,lce]",0
"invest_proc[2098,proc,clay,loh]",1
"invest_proc[2098,proc,clay,lce]",1
"invest_proc[2099,proc,brine,loh]",0
"invest_proc[2099,proc,brine,lce]",0
"invest_proc[2099,proc,spod,loh]",0
"invest_proc[2099,proc,spod,lce]",0
"invest_proc[2099,proc,clay,loh]",1
"invest_proc[2099,proc,clay,lce]",1
"invest_proc[2100,proc,brine,loh]",0
"invest_proc[2100,proc,brine,lce]",0
"invest_proc[2100,proc,spod,loh]",0
"invest_proc[2100,proc,spod,lce]",0
"invest_proc[2100,proc,clay,loh]",1
"invest_proc[2100,proc,clay,lce]",1
"capacity_proc[2020,proc,brine,loh]",0
"capacity_proc[2020,proc,brine,lce]",0
"capacity_proc[2020,proc,spod,loh]",0
"capacity_proc[2020,proc,spod,lce]",0
"capacity_proc[2020,proc,clay,loh]",47.78918811
"capacity_proc[2020,proc,clay,lce]",45.33939429
"capacity_proc[2021,proc,brine,loh]",0
"capacity_proc[2021,proc,brine,lce]",0
"capacity_proc[2021,proc,spod,loh]",0
"capacity_proc[2021,proc,spod,lce]",0
"capacity_proc[2021,proc,clay,loh]",105.7999445
"capacity_proc[2021,proc,clay,lce]",73.49354568
"capacity_proc[2022,proc,brine,loh]",0
"capacity_proc[2022,proc,brine,lce]",0
"capacity_proc[2022,proc,spod,loh]",0
"capacity_proc[2022,proc,spod,lce]",0
"capacity_proc[2022,proc,clay,loh]",166.0778321
"capacity_proc[2022,proc,clay,lce]",111.3772252
"capacity_proc[2023,proc,brine,loh]",0
"capacity_proc[2023,proc,brine,lce]",0
"capacity_proc[2023,proc,spod,loh]",0
"capacity_proc[2023,proc,spod,lce]",145.1675567
"capacity_proc[2023,proc,clay,loh]",208.6205446
"capacity_proc[2023,proc,clay,lce]",0
"capacity_proc[2024,proc,brine,loh]",0
"capacity_proc[2024,proc,brine,lce]",0
"capacity_proc[2024,proc,spod,loh]",0
"capacity_proc[2024,proc,spod,lce]",0
"capacity_proc[2024,proc,clay,loh]",255.7887705
"capacity_proc[2024,proc,clay,lce]",167.7407651
"capacity_proc[2025,proc,brine,loh]",0
"capacity_proc[2025,proc,brine,lce]",0
"capacity_proc[2025,proc,spod,loh]",0
"capacity_proc[2025,proc,spod,lce]",0
"capacity_proc[2025,proc,clay,loh]",293.3487742
"capacity_proc[2025,proc,clay,lce]",188.3539945
"capacity_proc[2026,proc,brine,loh]",0
"capacity_proc[2026,proc,brine,lce]",0
"capacity_proc[2026,proc,spod,loh]",0
"capacity_proc[2026,proc,spod,lce]",0
"capacity_proc[2026,proc,clay,loh]",324.2458082
"capacity_proc[2026,proc,clay,lce]",207.9710174
"capacity_proc[2027,proc,brine,loh]",0
"capacity_proc[2027,proc,brine,lce]",0
"capacity_proc[2027,proc,spod,loh]",357.9762035
"capacity_proc[2027,proc,spod,lce]",0
"capacity_proc[2027,proc,clay,loh]",0
"capacity_proc[2027,proc,clay,lce]",229.5056889
"capacity_proc[2028,proc,brine,loh]",0
"capacity_proc[2028,proc,brine,lce]",0
"capacity_proc[2028,proc,spod,loh]",0
"capacity_proc[2028,proc,spod,lce]",0
"capacity_proc[2028,proc,clay,loh]",394.7224873
"capacity_proc[2028,proc,clay,lce]",253.1230987
"capacity_proc[2029,proc,brine,loh]",0
"capacity_proc[2029,proc,brine,lce]",0
"capacity_proc[2029,proc,spod,loh]",0
"capacity_proc[2029,proc,spod,lce]",0
"capacity_proc[2029,proc,clay,loh]",434.665571
"capacity_proc[2029,proc,clay,lce]",278.9992784
"capacity_proc[2030,proc,brine,loh]",0
"capacity_proc[2030,proc,brine,lce]",0
"capacity_proc[2030,proc,spod,loh]",0
"capacity_proc[2030,proc,spod,lce]",0
"capacity_proc[2030,proc,clay,loh]",464.1248825
"capacity_proc[2030,proc,clay,lce]",256.0265441
"capacity_proc[2031,proc,brine,loh]",0
"capacity_proc[2031,proc,brine,lce]",0
"capacity_proc[2031,proc,spod,loh]",504.6299747
"capacity_proc[2031,proc,spod,lce]",0
"capacity_proc[2031,proc,clay,loh]",0
"capacity_proc[2031,proc,clay,lce]",278.3704846
"capacity_proc[2032,proc,brine,loh]",0
"capacity_proc[2032,proc,brine,lce]",0
"capacity_proc[2032,proc,spod,loh]",0
"capacity_proc[2032,proc,spod,lce]",0
"capacity_proc[2032,proc,clay,loh]",547.8218042
"capacity_proc[2032,proc,clay,lce]",302.1965178
"capacity_proc[2033,proc,brine,loh]",0
"capacity_proc[2033,proc,brine,lce]",0
"capacity_proc[2033,proc,spod,loh]",593.7473597
"capacity_proc[2033,proc,spod,lce]",0
"capacity_proc[2033,proc,clay,loh]",0
"capacity_proc[2033,proc,clay,lce]",327.5305641
"capacity_proc[2034,proc,brine,loh]",0
"capacity_proc[2034,proc,brine,lce]",0
"capacity_proc[2034,proc,spod,loh]",642.4346318
"capacity_proc[2034,proc,spod,lce]",0
"capacity_proc[2034,proc,clay,loh]",0
"capacity_proc[2034,proc,clay,lce]",354.3880641
"capacity_proc[2035,proc,brine,loh]",0
"capacity_proc[2035,proc,brine,lce]",0
"capacity_proc[2035,proc,spod,loh]",0
"capacity_proc[2035,proc,spod,lce]",0
"capacity_proc[2035,proc,clay,loh]",693.8904029
"capacity_proc[2035,proc,clay,lce]",382.7727591
"capacity_proc[2036,proc,brine,loh]",0
"capacity_proc[2036,proc,brine,lce]",0
"capacity_proc[2036,proc,spod,loh]",0
"capacity_proc[2036,proc,spod,lce]",0
"capacity_proc[2036,proc,clay,loh]",748.0982881
"capacity_proc[2036,proc,clay,lce]",412.6756108
"capacity_proc[2037,proc,brine,loh]",0
"capacity_proc[2037,proc,brine,lce]",0
"capacity_proc[2037,proc,spod,loh]",0
"capacity_proc[2037,proc,spod,lce]",0
"capacity_proc[2037,proc,clay,loh]",805.0171233
"capacity_proc[2037,proc,clay,lce]",444.0739115
"capacity_proc[2038,proc,brine,loh]",0
"capacity_proc[2038,proc,brine,lce]",0
"capacity_proc[2038,proc,spod,loh]",0
"capacity_proc[2038,proc,spod,lce]",0
"capacity_proc[2038,proc,clay,loh]",864.5797949
"capacity_proc[2038,proc,clay,lce]",476.9306394
"capacity_proc[2039,proc,brine,loh]",0
"capacity_proc[2039,proc,brine,lce]",0
"capacity_proc[2039,proc,spod,loh]",0
"capacity_proc[2039,proc,spod,lce]",0
"capacity_proc[2039,proc,clay,loh]",926.6926036
"capacity_proc[2039,proc,clay,lce]",511.1941068
"capacity_proc[2040,proc,brine,loh]",0
"capacity_proc[2040,proc,brine,lce]",0
"capacity_proc[2040,proc,spod,loh]",0
"capacity_proc[2040,proc,spod,lce]",0
"capacity_proc[2040,proc,clay,loh]",972.7600872
"capacity_proc[2040,proc,clay,lce]",536.6064453
"capacity_proc[2041,proc,brine,loh]",0
"capacity_proc[2041,proc,brine,lce]",0
"capacity_proc[2041,proc,spod,loh]",0
"capacity_proc[2041,proc,spod,lce]",0
"capacity_proc[2041,proc,clay,loh]",1038.340715
"capacity_proc[2041,proc,clay,lce]",572.7828754
"capacity_proc[2042,proc,brine,loh]",0
"capacity_proc[2042,proc,brine,lce]",0
"capacity_proc[2042,proc,spod,loh]",0
"capacity_proc[2042,proc,spod,lce]",610.1029672
"capacity_proc[2042,proc,clay,loh]",1105.994572
"capacity_proc[2042,proc,clay,lce]",0
"capacity_proc[2043,proc,brine,loh]",0
"capacity_proc[2043,proc,brine,lce]",0
"capacity_proc[2043,proc,spod,loh]",1175.53173
"capacity_proc[2043,proc,spod,lce]",0
"capacity_proc[2043,proc,clay,loh]",0
"capacity_proc[2043,proc,clay,lce]",648.46195
"capacity_proc[2044,proc,brine,loh]",0
"capacity_proc[2044,proc,brine,lce]",0
"capacity_proc[2044,proc,spod,loh]",0
"capacity_proc[2044,proc,spod,lce]",0
"capacity_proc[2044,proc,clay,loh]",1246.742726
"capacity_proc[2044,proc,clay,lce]",687.7442766
"capacity_proc[2045,proc,brine,loh]",0
"capacity_proc[2045,proc,brine,lce]",0
"capacity_proc[2045,proc,spod,loh]",0
"capacity_proc[2045,proc,spod,lce]",0
"capacity_proc[2045,proc,clay,loh]",1319.401799
"capacity_proc[2045,proc,clay,lce]",727.8254099
"capacity_proc[2046,proc,brine,loh]",0
"capacity_proc[2046,proc,brine,lce]",0
"capacity_proc[2046,proc,spod,loh]",0
"capacity_proc[2046,proc,spod,lce]",0
"capacity_proc[2046,proc,clay,loh]",1393.270618
"capacity_proc[2046,proc,clay,lce]",768.5738793
"capacity_proc[2047,proc,brine,loh]",0
"capacity_proc[2047,proc,brine,lce]",0
"capacity_proc[2047,proc,spod,loh]",0
"capacity_proc[2047,proc,spod,lce]",0
"capacity_proc[2047,proc,clay,loh]",1468.102381
"capacity_proc[2047,proc,clay,lce]",809.8535397
"capacity_proc[2048,proc,brine,loh]",0
"capacity_proc[2048,proc,brine,lce]",0
"capacity_proc[2048,proc,spod,loh]",0
"capacity_proc[2048,proc,spod,lce]",0
"capacity_proc[2048,proc,clay,loh]",1543.646125
"capacity_proc[2048,proc,clay,lce]",851.5259527
"capacity_proc[2049,proc,brine,loh]",0
"capacity_proc[2049,proc,brine,lce]",0
"capacity_proc[2049,proc,spod,loh]",0
"capacity_proc[2049,proc,spod,lce]",0
"capacity_proc[2049,proc,clay,loh]",1619.651113
"capacity_proc[2049,proc,clay,lce]",893.4528026
"capacity_proc[2050,proc,brine,loh]",0
"capacity_proc[2050,proc,brine,lce]",0
"capacity_proc[2050,proc,spod,loh]",0
"capacity_proc[2050,proc,spod,lce]",0
"capacity_proc[2050,proc,clay,loh]",1695.871116
"capacity_proc[2050,proc,clay,lce]",935.4982623
"capacity_proc[2051,proc,brine,loh]",0
"capacity_proc[2051,proc,brine,lce]",0
"capacity_proc[2051,proc,spod,loh]",0
"capacity_proc[2051,proc,spod,lce]",0
"capacity_proc[2051,proc,clay,loh]",1772.068462
"capacity_proc[2051,proc,clay,lce]",977.5312236
"capacity_proc[2052,proc,brine,loh]",0
"capacity_proc[2052,proc,brine,lce]",0
"capacity_proc[2052,proc,spod,loh]",0
"capacity_proc[2052,proc,spod,lce]",0
"capacity_proc[2052,proc,clay,loh]",1848.0177
"capacity_proc[2052,proc,clay,lce]",1019.42732
"capacity_proc[2053,proc,brine,loh]",0
"capacity_proc[2053,proc,brine,lce]",0
"capacity_proc[2053,proc,spod,loh]",0
"capacity_proc[2053,proc,spod,lce]",0
"capacity_proc[2053,proc,clay,loh]",1923.50878
"capacity_proc[2053,proc,clay,lce]",1061.070682
"capacity_proc[2054,proc,brine,loh]",0
"capacity_proc[2054,proc,brine,lce]",0
"capacity_proc[2054,proc,spod,loh]",0
"capacity_proc[2054,proc,spod,lce]",0
"capacity_proc[2054,proc,clay,loh]",1998.349673
"capacity_proc[2054,proc,clay,lce]",1102.355379
"capacity_proc[2055,proc,brine,loh]",0
"capacity_proc[2055,proc,brine,lce]",0
"capacity_proc[2055,proc,spod,loh]",0
"capacity_proc[2055,proc,spod,lce]",0
"capacity_proc[2055,proc,clay,loh]",2072.368369
"capacity_proc[2055,proc,clay,lce]",1143.186525
"capacity_proc[2056,proc,brine,loh]",0
"capacity_proc[2056,proc,brine,lce]",0
"capacity_proc[2056,proc,spod,loh]",2145.414251
"capacity_proc[2056,proc,spod,lce]",0
"capacity_proc[2056,proc,clay,loh]",0
"capacity_proc[2056,proc,clay,lce]",1183.481035
"capacity_proc[2057,proc,brine,loh]",0
"capacity_proc[2057,proc,brine,lce]",0
"capacity_proc[2057,proc,spod,loh]",0
"capacity_proc[2057,proc,spod,lce]",0
"capacity_proc[2057,proc,clay,loh]",2217.358851
"capacity_proc[2057,proc,clay,lce]",1223.168042
"capacity_proc[2058,proc,brine,loh]",0
"capacity_proc[2058,proc,brine,lce]",0
"capacity_proc[2058,proc,spod,loh]",0
"capacity_proc[2058,proc,spod,lce]",0
"capacity_proc[2058,proc,clay,loh]",2288.096028
"capacity_proc[2058,proc,clay,lce]",1262.188994
"capacity_proc[2059,proc,brine,loh]",0
"capacity_proc[2059,proc,brine,lce]",0
"capacity_proc[2059,proc,spod,loh]",0
"capacity_proc[2059,proc,spod,lce]",1300.497466
"capacity_proc[2059,proc,clay,loh]",2357.541621
"capacity_proc[2059,proc,clay,lce]",0
"capacity_proc[2060,proc,brine,loh]",0
"capacity_proc[2060,proc,brine,lce]",0
"capacity_proc[2060,proc,spod,loh]",0
"capacity_proc[2060,proc,spod,lce]",0
"capacity_proc[2060,proc,clay,loh]",2462.710042
"capacity_proc[2060,proc,clay,lce]",1358.511825
"capacity_proc[2061,proc,brine,loh]",0
"capacity_proc[2061,proc,brine,lce]",0
"capacity_proc[2061,proc,spod,loh]",0
"capacity_proc[2061,proc,spod,lce]",0
"capacity_proc[2061,proc,clay,loh]",2518.773589
"capacity_proc[2061,proc,clay,lce]",1389.438321
"capacity_proc[2062,proc,brine,loh]",0
"capacity_proc[2062,proc,brine,lce]",0
"capacity_proc[2062,proc,spod,loh]",0
"capacity_proc[2062,proc,spod,lce]",0
"capacity_proc[2062,proc,clay,loh]",2573.869398
"capacity_proc[2062,proc,clay,lce]",1419.83098
"capacity_proc[2063,proc,brine,loh]",0
"capacity_proc[2063,proc,brine,lce]",0
"capacity_proc[2063,proc,spod,loh]",0
"capacity_proc[2063,proc,spod,lce]",0
"capacity_proc[2063,proc,clay,loh]",2627.989594
"capacity_proc[2063,proc,clay,lce]",1449.68546
"capacity_proc[2064,proc,brine,loh]",0
"capacity_proc[2064,proc,brine,lce]",0
"capacity_proc[2064,proc,spod,loh]",2681.137851
"capacity_proc[2064,proc,spod,lce]",0
"capacity_proc[2064,proc,clay,loh]",0
"capacity_proc[2064,proc,clay,lce]",1479.003786
"capacity_proc[2065,proc,brine,loh]",0
"capacity_proc[2065,proc,brine,lce]",0
"capacity_proc[2065,proc,spod,loh]",0
"capacity_proc[2065,proc,spod,lce]",0
"capacity_proc[2065,proc,clay,loh]",2733.328026
"capacity_proc[2065,proc,clay,lce]",1507.793602
"capacity_proc[2066,proc,brine,loh]",0
"capacity_proc[2066,proc,brine,lce]",0
"capacity_proc[2066,proc,spod,loh]",0
"capacity_proc[2066,proc,spod,lce]",0
"capacity_proc[2066,proc,clay,loh]",2784.582787
"capacity_proc[2066,proc,clay,lce]",1536.067413
"capacity_proc[2067,proc,brine,loh]",0
"capacity_proc[2067,proc,brine,lce]",0
"capacity_proc[2067,proc,spod,loh]",0
"capacity_proc[2067,proc,spod,lce]",0
"capacity_proc[2067,proc,clay,loh]",2834.932277
"capacity_proc[2067,proc,clay,lce]",1563.841847
"capacity_proc[2068,proc,brine,loh]",0
"capacity_proc[2068,proc,brine,lce]",0
"capacity_proc[2068,proc,spod,loh]",0
"capacity_proc[2068,proc,spod,lce]",0
"capacity_proc[2068,proc,clay,loh]",2884.41283
"capacity_proc[2068,proc,clay,lce]",1591.136947
"capacity_proc[2069,proc,brine,loh]",0
"capacity_proc[2069,proc,brine,lce]",0
"capacity_proc[2069,proc,spod,loh]",0
"capacity_proc[2069,proc,spod,lce]",0
"capacity_proc[2069,proc,clay,loh]",2933.065776
"capacity_proc[2069,proc,clay,lce]",1617.975512
"capacity_proc[2070,proc,brine,loh]",0
"capacity_proc[2070,proc,brine,lce]",0
"capacity_proc[2070,proc,spod,loh]",0
"capacity_proc[2070,proc,spod,lce]",0
"capacity_proc[2070,proc,clay,loh]",2980.936338
"capacity_proc[2070,proc,clay,lce]",1644.382487
"capacity_proc[2071,proc,brine,loh]",0
"capacity_proc[2071,proc,brine,lce]",0
"capacity_proc[2071,proc,spod,loh]",0
"capacity_proc[2071,proc,spod,lce]",0
"capacity_proc[2071,proc,clay,loh]",3028.072637
"capacity_proc[2071,proc,clay,lce]",1670.38442
"capacity_proc[2072,proc,brine,loh]",0
"capacity_proc[2072,proc,brine,lce]",0
"capacity_proc[2072,proc,spod,loh]",0
"capacity_proc[2072,proc,spod,lce]",0
"capacity_proc[2072,proc,clay,loh]",3074.524805
"capacity_proc[2072,proc,clay,lce]",1696.008963
"capacity_proc[2073,proc,brine,loh]",0
"capacity_proc[2073,proc,brine,lce]",0
"capacity_proc[2073,proc,spod,loh]",0
"capacity_proc[2073,proc,spod,lce]",0
"capacity_proc[2073,proc,clay,loh]",3120.344209
"capacity_proc[2073,proc,clay,lce]",1721.284452
"capacity_proc[2074,proc,brine,loh]",0
"capacity_proc[2074,proc,brine,lce]",0
"capacity_proc[2074,proc,spod,loh]",0
"capacity_proc[2074,proc,spod,lce]",0
"capacity_proc[2074,proc,clay,loh]",3165.582777
"capacity_proc[2074,proc,clay,lce]",1746.239534
"capacity_proc[2075,proc,brine,loh]",0
"capacity_proc[2075,proc,brine,lce]",0
"capacity_proc[2075,proc,spod,loh]",0
"capacity_proc[2075,proc,spod,lce]",0
"capacity_proc[2075,proc,clay,loh]",3210.292432
"capacity_proc[2075,proc,clay,lce]",1770.90285
"capacity_proc[2076,proc,brine,loh]",0
"capacity_proc[2076,proc,brine,lce]",0
"capacity_proc[2076,proc,spod,loh]",0
"capacity_proc[2076,proc,spod,lce]",0
"capacity_proc[2076,proc,clay,loh]",3254.524611
"capacity_proc[2076,proc,clay,lce]",1795.302774
"capacity_proc[2077,proc,brine,loh]",0
"capacity_proc[2077,proc,brine,lce]",0
"capacity_proc[2077,proc,spod,loh]",0
"capacity_proc[2077,proc,spod,lce]",0
"capacity_proc[2077,proc,clay,loh]",3298.329877
"capacity_proc[2077,proc,clay,lce]",1819.467198
"capacity_proc[2078,proc,brine,loh]",0
"capacity_proc[2078,proc,brine,lce]",0
"capacity_proc[2078,proc,spod,loh]",0
"capacity_proc[2078,proc,spod,lce]",0
"capacity_proc[2078,proc,clay,loh]",3341.7576
"capacity_proc[2078,proc,clay,lce]",1843.423358
"capacity_proc[2079,proc,brine,loh]",0
"capacity_proc[2079,proc,brine,lce]",0
"capacity_proc[2079,proc,spod,loh]",0
"capacity_proc[2079,proc,spod,lce]",0
"capacity_proc[2079,proc,clay,loh]",3384.855716
"capacity_proc[2079,proc,clay,lce]",1867.197696
"capacity_proc[2080,proc,brine,loh]",0
"capacity_proc[2080,proc,brine,lce]",0
"capacity_proc[2080,proc,spod,loh]",0
"capacity_proc[2080,proc,spod,lce]",0
"capacity_proc[2080,proc,clay,loh]",3427.670538
"capacity_proc[2080,proc,clay,lce]",1890.815759
"capacity_proc[2081,proc,brine,loh]",0
"capacity_proc[2081,proc,brine,lce]",0
"capacity_proc[2081,proc,spod,loh]",0
"capacity_proc[2081,proc,spod,lce]",0
"capacity_proc[2081,proc,clay,loh]",3470.246621
"capacity_proc[2081,proc,clay,lce]",1914.302127
"capacity_proc[2082,proc,brine,loh]",0
"capacity_proc[2082,proc,brine,lce]",0
"capacity_proc[2082,proc,spod,loh]",0
"capacity_proc[2082,proc,spod,lce]",0
"capacity_proc[2082,proc,clay,loh]",3512.626675
"capacity_proc[2082,proc,clay,lce]",1937.680358
"capacity_proc[2083,proc,brine,loh]",0
"capacity_proc[2083,proc,brine,lce]",0
"capacity_proc[2083,proc,spod,loh]",0
"capacity_proc[2083,proc,spod,lce]",0
"capacity_proc[2083,proc,clay,loh]",3554.851508
"capacity_proc[2083,proc,clay,lce]",1960.972964
"capacity_proc[2084,proc,brine,loh]",0
"capacity_proc[2084,proc,brine,lce]",0
"capacity_proc[2084,proc,spod,loh]",0
"capacity_proc[2084,proc,spod,lce]",0
"capacity_proc[2084,proc,clay,loh]",3596.96001
"capacity_proc[2084,proc,clay,lce]",1984.201398
"capacity_proc[2085,proc,brine,loh]",0
"capacity_proc[2085,proc,brine,lce]",0
"capacity_proc[2085,proc,spod,loh]",3638.989151
"capacity_proc[2085,proc,spod,lce]",0
"capacity_proc[2085,proc,clay,loh]",0
"capacity_proc[2085,proc,clay,lce]",2007.386054
"capacity_proc[2086,proc,brine,loh]",0
"capacity_proc[2086,proc,brine,lce]",0
"capacity_proc[2086,proc,spod,loh]",0
"capacity_proc[2086,proc,spod,lce]",0
"capacity_proc[2086,proc,clay,loh]",3680.974013
"capacity_proc[2086,proc,clay,lce]",2030.546284
"capacity_proc[2087,proc,brine,loh]",0
"capacity_proc[2087,proc,brine,lce]",0
"capacity_proc[2087,proc,spod,loh]",0
"capacity_proc[2087,proc,spod,lce]",0
"capacity_proc[2087,proc,clay,loh]",3722.947826
"capacity_proc[2087,proc,clay,lce]",2053.700419
"capacity_proc[2088,proc,brine,loh]",0
"capacity_proc[2088,proc,brine,lce]",0
"capacity_proc[2088,proc,spod,loh]",0
"capacity_proc[2088,proc,spod,lce]",0
"capacity_proc[2088,proc,clay,loh]",3764.942028
"capacity_proc[2088,proc,clay,lce]",2076.865802
"capacity_proc[2089,proc,brine,loh]",0
"capacity_proc[2089,proc,brine,lce]",0
"capacity_proc[2089,proc,spod,loh]",3806.986323
"capacity_proc[2089,proc,spod,lce]",0
"capacity_proc[2089,proc,clay,loh]",0
"capacity_proc[2089,proc,clay,lce]",2100.058817
"capacity_proc[2090,proc,brine,loh]",0
"capacity_proc[2090,proc,brine,lce]",0
"capacity_proc[2090,proc,spod,loh]",0
"capacity_proc[2090,proc,spod,lce]",0
"capacity_proc[2090,proc,clay,loh]",3849.108758
"capacity_proc[2090,proc,clay,lce]",2123.294937
"capacity_proc[2091,proc,brine,loh]",0
"capacity_proc[2091,proc,brine,lce]",0
"capacity_proc[2091,proc,spod,loh]",0
"capacity_proc[2091,proc,spod,lce]",0
"capacity_proc[2091,proc,clay,loh]",3891.335797
"capacity_proc[2091,proc,clay,lce]",2146.58876
"capacity_proc[2092,proc,brine,loh]",0
"capacity_proc[2092,proc,brine,lce]",0
"capacity_proc[2092,proc,spod,loh]",0
"capacity_proc[2092,proc,spod,lce]",0
"capacity_proc[2092,proc,clay,loh]",3933.692399
"capacity_proc[2092,proc,clay,lce]",2169.954054
"capacity_proc[2093,proc,brine,loh]",0
"capacity_proc[2093,proc,brine,lce]",0
"capacity_proc[2093,proc,spod,loh]",0
"capacity_proc[2093,proc,spod,lce]",0
"capacity_proc[2093,proc,clay,loh]",3976.202101
"capacity_proc[2093,proc,clay,lce]",2193.403803
"capacity_proc[2094,proc,brine,loh]",0
"capacity_proc[2094,proc,brine,lce]",0
"capacity_proc[2094,proc,spod,loh]",0
"capacity_proc[2094,proc,spod,lce]",0
"capacity_proc[2094,proc,clay,loh]",4018.887097
"capacity_proc[2094,proc,clay,lce]",2216.950251
"capacity_proc[2095,proc,brine,loh]",0
"capacity_proc[2095,proc,brine,lce]",0
"capacity_proc[2095,proc,spod,loh]",0
"capacity_proc[2095,proc,spod,lce]",0
"capacity_proc[2095,proc,clay,loh]",4061.768319
"capacity_proc[2095,proc,clay,lce]",2240.604943
"capacity_proc[2096,proc,brine,loh]",0
"capacity_proc[2096,proc,brine,lce]",0
"capacity_proc[2096,proc,spod,loh]",0
"capacity_proc[2096,proc,spod,lce]",0
"capacity_proc[2096,proc,clay,loh]",4104.865515
"capacity_proc[2096,proc,clay,lce]",2264.378773
"capacity_proc[2097,proc,brine,loh]",0
"capacity_proc[2097,proc,brine,lce]",0
"capacity_proc[2097,proc,spod,loh]",0
"capacity_proc[2097,proc,spod,lce]",0
"capacity_proc[2097,proc,clay,loh]",4148.197326
"capacity_proc[2097,proc,clay,lce]",2288.282024
"capacity_proc[2098,proc,brine,loh]",0
"capacity_proc[2098,proc,brine,lce]",0
"capacity_proc[2098,proc,spod,loh]",0
"capacity_proc[2098,proc,spod,lce]",0
"capacity_proc[2098,proc,clay,loh]",4191.781357
"capacity_proc[2098,proc,clay,lce]",2312.324409
"capacity_proc[2099,proc,brine,loh]",0
"capacity_proc[2099,proc,brine,lce]",0
"capacity_proc[2099,proc,spod,loh]",0
"capacity_proc[2099,proc,spod,lce]",0
"capacity_proc[2099,proc,clay,loh]",4235.634253
"capacity_proc[2099,proc,clay,lce]",2336.515108
"capacity_proc[2100,proc,brine,loh]",0
"capacity_proc[2100,proc,brine,lce]",0
"capacity_proc[2100,proc,spod,loh]",0
"capacity_proc[2100,proc,spod,lce]",0
"capacity_proc[2100,proc,clay,loh]",4279.771763
"capacity_proc[2100,proc,clay,lce]",2360.86281
"demand_proc[2020,proc,lce]",9.067878858
"demand_proc[2021,proc,lce]",14.69870914
"demand_proc[2022,proc,lce]",22.27544504
"demand_proc[2023,proc,lce]",29.03351134
"demand_proc[2024,proc,lce]",33.54815302
"demand_proc[2025,proc,lce]",37.6707989
"demand_proc[2026,proc,lce]",41.59420348
"demand_proc[2027,proc,lce]",45.90113778
"demand_proc[2028,proc,lce]",50.62461974
"demand_proc[2029,proc,lce]",55.79985568
"demand_proc[2030,proc,lce]",51.20530882
"demand_proc[2031,proc,lce]",55.67409692
"demand_proc[2032,proc,lce]",60.43930356
"demand_proc[2033,proc,lce]",65.50611282
"demand_proc[2034,proc,lce]",70.87761282
"demand_proc[2035,proc,lce]",76.55455182
"demand_proc[2036,proc,lce]",82.53512216
"demand_proc[2037,proc,lce]",88.8147823
"demand_proc[2038,proc,lce]",95.38612788
"demand_proc[2039,proc,lce]",102.2388214
"demand_proc[2040,proc,lce]",107.3212891
"demand_proc[2041,proc,lce]",114.5565751
"demand_proc[2042,proc,lce]",122.0205934
"demand_proc[2043,proc,lce]",129.69239
"demand_proc[2044,proc,lce]",137.5488553
"demand_proc[2045,proc,lce]",145.565082
"demand_proc[2046,proc,lce]",153.7147759
"demand_proc[2047,proc,lce]",161.9707079
"demand_proc[2048,proc,lce]",170.3051905
"demand_proc[2049,proc,lce]",178.6905605
"demand_proc[2050,proc,lce]",187.0996525
"demand_proc[2051,proc,lce]",195.5062447
"demand_proc[2052,proc,lce]",203.885464
"demand_proc[2053,proc,lce]",212.2141364
"demand_proc[2054,proc,lce]",220.4710758
"demand_proc[2055,proc,lce]",228.637305
"demand_proc[2056,proc,lce]",236.696207
"demand_proc[2057,proc,lce]",244.6336084
"demand_proc[2058,proc,lce]",252.4377988
"demand_proc[2059,proc,lce]",260.0994932
"demand_proc[2060,proc,lce]",271.702365
"demand_proc[2061,proc,lce]",277.8876642
"demand_proc[2062,proc,lce]",283.966196
"demand_proc[2063,proc,lce]",289.937092
"demand_proc[2064,proc,lce]",295.8007572
"demand_proc[2065,proc,lce]",301.5587204
"demand_proc[2066,proc,lce]",307.2134826
"demand_proc[2067,proc,lce]",312.7683694
"demand_proc[2068,proc,lce]",318.2273894
"demand_proc[2069,proc,lce]",323.5951024
"demand_proc[2070,proc,lce]",328.8764974
"demand_proc[2071,proc,lce]",334.076884
"demand_proc[2072,proc,lce]",339.2017926
"demand_proc[2073,proc,lce]",344.2568904
"demand_proc[2074,proc,lce]",349.2479068
"demand_proc[2075,proc,lce]",354.18057
"demand_proc[2076,proc,lce]",359.0605548
"demand_proc[2077,proc,lce]",363.8934396
"demand_proc[2078,proc,lce]",368.6846716
"demand_proc[2079,proc,lce]",373.4395392
"demand_proc[2080,proc,lce]",378.1631518
"demand_proc[2081,proc,lce]",382.8604254
"demand_proc[2082,proc,lce]",387.5360716
"demand_proc[2083,proc,lce]",392.1945928
"demand_proc[2084,proc,lce]",396.8402796
"demand_proc[2085,proc,lce]",401.4772108
"demand_proc[2086,proc,lce]",406.1092568
"demand_proc[2087,proc,lce]",410.7400838
"demand_proc[2088,proc,lce]",415.3731604
"demand_proc[2089,proc,lce]",420.0117634
"demand_proc[2090,proc,lce]",424.6589874
"demand_proc[2091,proc,lce]",429.317752
"demand_proc[2092,proc,lce]",433.9908108
"demand_proc[2093,proc,lce]",438.6807606
"demand_proc[2094,proc,lce]",443.3900502
"demand_proc[2095,proc,lce]",448.1209886
"demand_proc[2096,proc,lce]",452.8757546
"demand_proc[2097,proc,lce]",457.6564048
"demand_proc[2098,proc,lce]",462.4648818
"demand_proc[2099,proc,lce]",467.3030216
"demand_proc[2100,proc,lce]",472.172562
"demand_proc[2020,proc,loh]",9.557837622
"demand_proc[2021,proc,loh]",21.1599889
"demand_proc[2022,proc,loh]",33.21556642
"demand_proc[2023,proc,loh]",41.72410892
"demand_proc[2024,proc,loh]",51.1577541
"demand_proc[2025,proc,loh]",58.66975484
"demand_proc[2026,proc,loh]",64.84916164
"demand_proc[2027,proc,loh]",71.5952407
"demand_proc[2028,proc,loh]",78.94449746
"demand_proc[2029,proc,loh]",86.9331142
"demand_proc[2030,proc,loh]",92.8249765
"demand_proc[2031,proc,loh]",100.9259949
"demand_proc[2032,proc,loh]",109.5643608
"demand_proc[2033,proc,loh]",118.7494719
"demand_proc[2034,proc,loh]",128.4869264
"demand_proc[2035,proc,loh]",138.7780806
"demand_proc[2036,proc,loh]",149.6196576
"demand_proc[2037,proc,loh]",161.0034247
"demand_proc[2038,proc,loh]",172.915959
"demand_proc[2039,proc,loh]",185.3385207
"demand_proc[2040,proc,loh]",194.5520174
"demand_proc[2041,proc,loh]",207.668143
"demand_proc[2042,proc,loh]",221.1989144
"demand_proc[2043,proc,loh]",235.106346
"demand_proc[2044,proc,loh]",249.3485452
"demand_proc[2045,proc,loh]",263.8803598
"demand_proc[2046,proc,loh]",278.6541236
"demand_proc[2047,proc,loh]",293.6204762
"demand_proc[2048,proc,loh]",308.729225
"demand_proc[2049,proc,loh]",323.9302226
"demand_proc[2050,proc,loh]",339.1742232
"demand_proc[2051,proc,loh]",354.4136924
"demand_proc[2052,proc,loh]",369.60354
"demand_proc[2053,proc,loh]",384.701756
"demand_proc[2054,proc,loh]",399.6699346
"demand_proc[2055,proc,loh]",414.4736738
"demand_proc[2056,proc,loh]",429.0828502
"demand_proc[2057,proc,loh]",443.4717702
"demand_proc[2058,proc,loh]",457.6192056
"demand_proc[2059,proc,loh]",471.5083242
"demand_proc[2060,proc,loh]",492.5420084
"demand_proc[2061,proc,loh]",503.7547178
"demand_proc[2062,proc,loh]",514.7738796
"demand_proc[2063,proc,loh]",525.5979188
"demand_proc[2064,proc,loh]",536.2275702
"demand_proc[2065,proc,loh]",546.6656052
"demand_proc[2066,proc,loh]",556.9165574
"demand_proc[2067,proc,loh]",566.9864554
"demand_proc[2068,proc,loh]",576.882566
"demand_proc[2069,proc,loh]",586.6131552
"demand_proc[2070,proc,loh]",596.1872676
"demand_proc[2071,proc,loh]",605.6145274
"demand_proc[2072,proc,loh]",614.904961
"demand_proc[2073,proc,loh]",624.0688418
"demand_proc[2074,proc,loh]",633.1165554
"demand_proc[2075,proc,loh]",642.0584864
"demand_proc[2076,proc,loh]",650.9049222
"demand_proc[2077,proc,loh]",659.6659754
"demand_proc[2078,proc,loh]",668.35152
"demand_proc[2079,proc,loh]",676.9711432
"demand_proc[2080,proc,loh]",685.5341076
"demand_proc[2081,proc,loh]",694.0493242
"demand_proc[2082,proc,loh]",702.525335
"demand_proc[2083,proc,loh]",710.9703016
"demand_proc[2084,proc,loh]",719.392002
"demand_proc[2085,proc,loh]",727.7978302
"demand_proc[2086,proc,loh]",736.1948026
"demand_proc[2087,proc,loh]",744.5895652
"demand_proc[2088,proc,loh]",752.9884056
"demand_proc[2089,proc,loh]",761.3972646
"demand_proc[2090,proc,loh]",769.8217516
"demand_proc[2091,proc,loh]",778.2671594
"demand_proc[2092,proc,loh]",786.7384798
"demand_proc[2093,proc,loh]",795.2404202
"demand_proc[2094,proc,loh]",803.7774194
"demand_proc[2095,proc,loh]",812.3536638
"demand_proc[2096,proc,loh]",820.973103
"demand_proc[2097,proc,loh]",829.6394652
"demand_proc[2098,proc,loh]",838.3562714
"demand_proc[2099,proc,loh]",847.1268506
"demand_proc[2100,proc,loh]",855.9543526
"export_proc_china[2020,proc,lce]",36.27151543
"export_proc_china[2021,proc,lce]",58.79483654
"export_proc_china[2022,proc,lce]",89.10178016
"export_proc_china[2023,proc,lce]",116.1340454
"export_proc_china[2024,proc,lce]",134.1926121
"export_proc_china[2025,proc,lce]",150.6831956
"export_proc_china[2026,proc,lce]",166.3768139
"export_proc_china[2027,proc,lce]",183.6045511
"export_proc_china[2028,proc,lce]",202.498479
"export_proc_china[2029,proc,lce]",223.1994227
"export_proc_china[2030,proc,lce]",204.8212353
"export_proc_china[2031,proc,lce]",222.6963877
"export_proc_china[2032,proc,lce]",241.7572142
"export_proc_china[2033,proc,lce]",262.0244513
"export_proc_china[2034,proc,lce]",283.5104513
"export_proc_china[2035,proc,lce]",306.2182073
"export_proc_china[2036,proc,lce]",330.1404886
"export_proc_china[2037,proc,lce]",355.2591292
"export_proc_china[2038,proc,lce]",381.5445115
"export_proc_china[2039,proc,lce]",408.9552854
"export_proc_china[2040,proc,lce]",429.2851562
"export_proc_china[2041,proc,lce]",458.2263003
"export_proc_china[2042,proc,lce]",488.0823738
"export_proc_china[2043,proc,lce]",518.76956
"export_proc_china[2044,proc,lce]",550.1954213
"export_proc_china[2045,proc,lce]",582.2603279
"export_proc_china[2046,proc,lce]",614.8591034
"export_proc_china[2047,proc,lce]",647.8828318
"export_proc_china[2048,proc,lce]",681.2207622
"export_proc_china[2049,proc,lce]",714.7622421
"export_proc_china[2050,proc,lce]",748.3986098
"export_proc_china[2051,proc,lce]",782.0249789
"export_proc_china[2052,proc,lce]",815.541856
"export_proc_china[2053,proc,lce]",848.8565456
"export_proc_china[2054,proc,lce]",881.8843032
"export_proc_china[2055,proc,lce]",914.54922
"export_proc_china[2056,proc,lce]",946.784828
"export_proc_china[2057,proc,lce]",978.5344336
"export_proc_china[2058,proc,lce]",1009.751195
"export_proc_china[2059,proc,lce]",1040.397973
"export_proc_china[2060,proc,lce]",1086.80946
"export_proc_china[2061,proc,lce]",1111.550657
"export_proc_china[2062,proc,lce]",1135.864784
"export_proc_china[2063,proc,lce]",1159.748368
"export_proc_china[2064,proc,lce]",1183.203029
"export_proc_china[2065,proc,lce]",1206.234882
"export_proc_china[2066,proc,lce]",1228.85393
"export_proc_china[2067,proc,lce]",1251.073478
"export_proc_china[2068,proc,lce]",1272.909558
"export_proc_china[2069,proc,lce]",1294.38041
"export_proc_china[2070,proc,lce]",1315.50599
"export_proc_china[2071,proc,lce]",1336.307536
"export_proc_china[2072,proc,lce]",1356.80717
"export_proc_china[2073,proc,lce]",1377.027562
"export_proc_china[2074,proc,lce]",1396.991627
"export_proc_china[2075,proc,lce]",1416.72228
"export_proc_china[2076,proc,lce]",1436.242219
"export_proc_china[2077,proc,lce]",1455.573758
"export_proc_china[2078,proc,lce]",1474.738686
"export_proc_china[2079,proc,lce]",1493.758157
"export_proc_china[2080,proc,lce]",1512.652607
"export_proc_china[2081,proc,lce]",1531.441702
"export_proc_china[2082,proc,lce]",1550.144286
"export_proc_china[2083,proc,lce]",1568.778371
"export_proc_china[2084,proc,lce]",1587.361118
"export_proc_china[2085,proc,lce]",1605.908843
"export_proc_china[2086,proc,lce]",1624.437027
"export_proc_china[2087,proc,lce]",1642.960335
"export_proc_china[2088,proc,lce]",1661.492642
"export_proc_china[2089,proc,lce]",1680.047054
"export_proc_china[2090,proc,lce]",1698.63595
"export_proc_china[2091,proc,lce]",1717.271008
"export_proc_china[2092,proc,lce]",1735.963243
"export_proc_china[2093,proc,lce]",1754.723042
"export_proc_china[2094,proc,lce]",1773.560201
"export_proc_china[2095,proc,lce]",1792.483954
"export_proc_china[2096,proc,lce]",1811.503018
"export_proc_china[2097,proc,lce]",1830.625619
"export_proc_china[2098,proc,lce]",1849.859527
"export_proc_china[2099,proc,lce]",1869.212086
"export_proc_china[2100,proc,lce]",1888.690248
"export_proc_china[2020,proc,loh]",38.23135049
"export_proc_china[2021,proc,loh]",84.6399556
"export_proc_china[2022,proc,loh]",132.8622657
"export_proc_china[2023,proc,loh]",166.8964357
"export_proc_china[2024,proc,loh]",204.6310164
"export_proc_china[2025,proc,loh]",234.6790194
"export_proc_china[2026,proc,loh]",259.3966466
"export_proc_china[2027,proc,loh]",286.3809628
"export_proc_china[2028,proc,loh]",315.7779898
"export_proc_china[2029,proc,loh]",347.7324568
"export_proc_china[2030,proc,loh]",371.299906
"export_proc_china[2031,proc,loh]",403.7039798
"export_proc_china[2032,proc,loh]",438.2574434
"export_proc_china[2033,proc,loh]",474.9978878
"export_proc_china[2034,proc,loh]",513.9477054
"export_proc_china[2035,proc,loh]",555.1123223
"export_proc_china[2036,proc,loh]",598.4786305
"export_proc_china[2037,proc,loh]",644.0136986
"export_proc_china[2038,proc,loh]",691.6638359
"export_proc_china[2039,proc,loh]",741.3540829
"export_proc_china[2040,proc,loh]",778.2080698
"export_proc_china[2041,proc,loh]",830.672572
"export_proc_china[2042,proc,loh]",884.7956576
"export_proc_china[2043,proc,loh]",940.425384
"export_proc_china[2044,proc,loh]",997.3941808
"export_proc_china[2045,proc,loh]",1055.521439
"export_proc_china[2046,proc,loh]",1114.616494
"export_proc_china[2047,proc,loh]",1174.481905
"export_proc_china[2048,proc,loh]",1234.9169
"export_proc_china[2049,proc,loh]",1295.72089
"export_proc_china[2050,proc,loh]",1356.696893
"export_proc_china[2051,proc,loh]",1417.65477
"export_proc_china[2052,proc,loh]",1478.41416
"export_proc_china[2053,proc,loh]",1538.807024
"export_proc_china[2054,proc,loh]",1598.679738
"export_proc_china[2055,proc,loh]",1657.894695
"export_proc_china[2056,proc,loh]",1716.331401
"export_proc_china[2057,proc,loh]",1773.887081
"export_proc_china[2058,proc,loh]",1830.476822
"export_proc_china[2059,proc,loh]",1886.033297
"export_proc_china[2060,proc,loh]",1970.168034
"export_proc_china[2061,proc,loh]",2015.018871
"export_proc_china[2062,proc,loh]",2059.095518
"export_proc_china[2063,proc,loh]",2102.391675
"export_proc_china[2064,proc,loh]",2144.910281
"export_proc_china[2065,proc,loh]",2186.662421
"export_proc_china[2066,proc,loh]",2227.66623
"export_proc_china[2067,proc,loh]",2267.945822
"export_proc_china[2068,proc,loh]",2307.530264
"export_proc_china[2069,proc,loh]",2346.452621
"export_proc_china[2070,proc,loh]",2384.74907
"export_proc_china[2071,proc,loh]",2422.45811
"export_proc_china[2072,proc,loh]",2459.619844
"export_proc_china[2073,proc,loh]",2496.275367
"export_proc_china[2074,proc,loh]",2532.466222
"export_proc_china[2075,proc,loh]",2568.233946
"export_proc_china[2076,proc,loh]",2603.619689
"export_proc_china[2077,proc,loh]",2638.663902
"export_proc_china[2078,proc,loh]",2673.40608
"export_proc_china[2079,proc,loh]",2707.884573
"export_proc_china[2080,proc,loh]",2742.13643
"export_proc_china[2081,proc,loh]",2776.197297
"export_proc_china[2082,proc,loh]",2810.10134
"export_proc_china[2083,proc,loh]",2843.881206
"export_proc_china[2084,proc,loh]",2877.568008
"export_proc_china[2085,proc,loh]",2911.191321
"export_proc_china[2086,proc,loh]",2944.77921
"export_proc_china[2087,proc,loh]",2978.358261
"export_proc_china[2088,proc,loh]",3011.953622
"export_proc_china[2089,proc,loh]",3045.589058
"export_proc_china[2090,proc,loh]",3079.287006
"export_proc_china[2091,proc,loh]",3113.068638
"export_proc_china[2092,proc,loh]",3146.953919
"export_proc_china[2093,proc,loh]",3180.961681
"export_proc_china[2094,proc,loh]",3215.109678
"export_proc_china[2095,proc,loh]",3249.414655
"export_proc_china[2096,proc,loh]",3283.892412
"export_proc_china[2097,proc,loh]",3318.557861
"export_proc_china[2098,proc,loh]",3353.425086
"export_proc_china[2099,proc,loh]",3388.507402
"export_proc_china[2100,proc,loh]",3423.81741
